"","baseMean","log2FoldChange","lfcSE","stat","pvalue","padj","symbol","entrez","genename"
"ENSG00000253742",21.6912271841785,20.3181310036864,1.63710859545681,12.4109854777331,2.27831159641197e-35,6.77592651888885e-31,NA,NA,NA
"ENSG00000253131",11.9116199669163,20.4081759057272,1.84557125775681,11.0579181486236,2.0070185733501e-28,2.98453696950027e-24,NA,NA,NA
"ENSG00000170054",18.8046628688873,18.2820830185729,1.66059268151927,11.0093722693313,3.443948604258e-28,3.41421584797457e-24,"SERPINA9","327657","serpin family A member 9"
"ENSG00000253435",1.7240695971491,17.1726177527683,1.65438840702875,10.3800399469735,3.05647269006983e-25,2.27256385688417e-21,NA,NA,NA
"ENSG00000211654",32.4019144999743,21.9099968985243,2.31329942737215,9.4713190343083,2.76331922069389e-21,1.64367753885314e-17,NA,NA,NA
"ENSG00000237638",7.17278828534194,16.9343417304498,1.81790504567284,9.31530597308072,1.21601540012496e-20,6.02758566918608e-17,NA,NA,NA
"ENSG00000211937",822.529022248601,9.2356544035476,1.13515695942912,8.13601531209595,4.0850017182112e-16,1.73560051573313e-12,NA,NA,NA
"ENSG00000211660",1999.75747813936,7.09460440295417,0.986847238626207,7.18916173168867,6.51903168164536e-13,2.42353151554768e-09,NA,NA,NA
"ENSG00000132465",7256.75327032473,5.55911942152771,0.780563005473139,7.12193555491148,1.06421818784437e-12,3.51676812496439e-09,"JCHAIN","3512","joining chain of multimeric IgA and IgM"
"ENSG00000170476",1104.61644231101,5.74150211626348,0.809913051119238,7.08903518510927,1.35050190817192e-12,4.01652772509412e-09,"MZB1","51237","marginal zone B and B1 cell specific protein"
"ENSG00000211651",1036.18866126148,7.24743677419749,1.0387809307885,6.9768673638399,3.01834413044328e-12,8.16077934395579e-09,NA,NA,NA
"ENSG00000226806",1.50233125883506,15.9477875850823,2.32022144537007,6.87339030371675,6.26937235410362e-12,1.55381169319496e-08,"LCT-AS1","100507600","LCT antisense RNA 1"
"ENSG00000244116",594.848410878008,6.55640752489833,0.971499195014255,6.74875240097562,1.49121811156064e-11,3.41156291199422e-08,NA,NA,NA
"ENSG00000211947",824.95242730334,7.32559881195175,1.08814723291657,6.73217611583396,1.67144151078974e-11,3.55073871231412e-08,NA,NA,NA
"ENSG00000211685",460.844142767394,7.46815135812195,1.13839246752281,6.56026069319743,5.37137906100301e-11,1.06500123102194e-07,NA,NA,NA
"ENSG00000211653",3341.09399124956,6.82106020084098,1.04159255683206,6.54868370179873,5.80464240230602e-11,1.07897418554365e-07,NA,NA,NA
"ENSG00000211900",458.444671782907,6.38529245846624,0.976582986764543,6.53840231194377,6.21794779003903e-11,1.08781167778559e-07,NA,NA,NA
"ENSG00000211673",1143.21428434865,6.92998625399526,1.06448954877911,6.51014964115285,7.50759781590624e-11,1.24046370357149e-07,NA,NA,NA
"ENSG00000240864",374.55058417903,6.35686319641764,0.980489157860366,6.48335899021021,8.97027150872579e-11,1.359813246698e-07,NA,NA,NA
"ENSG00000211941",478.46468209679,7.1346438960685,1.10313127142061,6.46762908541296,9.95524898010854e-11,1.359813246698e-07,NA,NA,NA
"ENSG00000211959",1584.54612594264,6.90235680219463,1.06744815617077,6.46622204768735,1.00483394194387e-10,1.359813246698e-07,NA,NA,NA
"ENSG00000211669",402.747198562701,7.04407384936702,1.08939118552962,6.46606466339493,1.00588048241001e-10,1.359813246698e-07,NA,NA,NA
"ENSG00000224373",1606.89204262305,7.01437639426677,1.08951885807672,6.43804955028399,1.21018497335673e-10,1.5648744040262e-07,NA,NA,NA
"ENSG00000211664",115.996980662869,7.16436757001244,1.11515001361429,6.42457739545926,1.32236368583855e-10,1.63868409918852e-07,NA,NA,NA
"ENSG00000239951",5935.13731482671,6.01980521079854,0.942281922719083,6.388539422923,1.67477651070061e-10,1.99238112818987e-07,NA,NA,NA
"ENSG00000240834",193.373497091702,8.68877858623704,1.36416206927964,6.36931548083961,1.89873695078257e-10,2.17193598666247e-07,NA,NA,NA
"ENSG00000231475",621.007042923063,6.53438116126248,1.03018560787984,6.34291637475938,2.25455826733186e-10,2.48343768254507e-07,NA,NA,NA
"ENSG00000211974",193.69484132243,7.07547760766504,1.11916163458653,6.32212308660765,2.57993739363545e-10,2.74035421514685e-07,NA,NA,NA
"ENSG00000211594",2145.83344790366,5.84556897229113,0.926587913548223,6.30870410332296,2.8138148371973e-10,2.7895222357695e-07,NA,NA,NA
"ENSG00000211655",148.949283465146,8.40202528104933,1.33150511543495,6.31017123678474,2.78726903375363e-10,2.7895222357695e-07,NA,NA,NA
"ENSG00000211595",961.059615116096,5.99341233897898,0.951255872706701,6.30052597933019,2.96637284908195e-10,2.84589983563052e-07,NA,NA,NA
"ENSG00000243290",776.03836216629,7.45076827126529,1.18748047919863,6.27443431852745,3.50907722183219e-10,3.26135830170347e-07,NA,NA,NA
"ENSG00000223648",96.5311920630624,8.5542551093498,1.36961682168221,6.24572871326389,4.21828777646952e-10,3.80169990181757e-07,NA,NA,NA
"ENSG00000211943",631.001697208306,6.19140411189649,0.996190321225906,6.21508157625681,5.12979926716491e-10,4.46824162728049e-07,NA,NA,NA
"ENSG00000211966",805.817810838718,5.95692830041811,0.959063290669365,6.21119414992993,5.25834561564229e-10,4.46824162728049e-07,NA,NA,NA
"ENSG00000211953",1587.85993619257,6.26220739295301,1.01014266892081,6.19932964483447,5.67041556493943e-10,4.68455081435732e-07,NA,NA,NA
"ENSG00000240041",626.431473168594,5.83586442957212,0.957078603487723,6.09758112688492,1.07685472120146e-09,8.65587466574394e-07,NA,NA,NA
"ENSG00000240382",434.873931556512,6.38735360026618,1.05532394813845,6.05250512085241,1.42610463778379e-09,1.1161520534823e-06,NA,NA,NA
"ENSG00000211976",188.641604768284,7.58631297787196,1.25916895729757,6.02485705663656,1.69259147719727e-09,1.29075290059805e-06,NA,NA,NA
"ENSG00000211638",526.898767190506,6.91087663308257,1.14832817540941,6.01820697347134,1.76359609465292e-09,1.31127778627681e-06,NA,NA,NA
"ENSG00000211895",67413.1049723111,5.09568238400806,0.848384035796058,6.00633930979933,1.89758860847718e-09,1.37649226352975e-06,NA,NA,NA
"ENSG00000211936",497.109139988328,6.5850891108686,1.09716647454145,6.0019051471845,1.95015621664809e-09,1.38094276284121e-06,NA,NA,NA
"ENSG00000239855",516.486324197093,7.14247166296165,1.19775589760685,5.96321143334171,2.47328049819289e-09,1.71064733248267e-06,NA,NA,NA
"ENSG00000223350",243.933296309038,8.54177915917758,1.43416817356182,5.95591180772314,2.5862577879647e-09,1.74813392890587e-06,NA,NA,NA
"ENSG00000244575",268.555552491938,6.49389582396797,1.09213103171423,5.94607756339916,2.74644046546334e-09,1.81515301962989e-06,NA,NA,NA
"ENSG00000211899",11371.5621564447,5.2680969788205,0.891686031878484,5.9080178341724,3.4624854289769e-09,2.23864737267831e-06,NA,NA,NA
"ENSG00000211962",622.962995066454,5.64121564320836,0.956811401383164,5.89584910365139,3.72759506820569e-09,2.35877457284054e-06,NA,NA,NA
"ENSG00000211951",171.281797215936,6.78844284323111,1.15777969221627,5.8633286529982,4.53678987801749e-09,2.8110139117108e-06,NA,NA,NA
"ENSG00000211659",603.086131984321,6.29562157619413,1.07669244381851,5.84718655019681,4.99956718801201e-09,3.03453321915643e-06,NA,NA,NA
"ENSG00000143297",1547.45439830355,5.05027350340113,0.865446544784176,5.8354540021424,5.36442948812846e-09,3.19086994812857e-06,"FCRL5","83416","Fc receptor like 5"
"ENSG00000211678",289.323879263249,7.0037037801205,1.20614790125443,5.80667078459983,6.37272659261547e-09,3.7162992468819e-06,NA,NA,NA
"ENSG00000211972",73.575926375309,7.63105658941276,1.32563612032482,5.7565243375708,8.5863407989219e-09,4.910891571168e-06,NA,NA,NA
"ENSG00000241294",156.504766037902,5.28448172469062,0.919957887524949,5.74426481510797,9.23212111384155e-09,4.99222752812294e-06,NA,NA,NA
"ENSG00000211945",1003.31557797152,6.71003363551596,1.16790285887171,5.74536964658035,9.17203934708601e-09,4.99222752812294e-06,NA,NA,NA
"ENSG00000211644",2206.34531494098,5.04165002211839,0.876994568987628,5.74878134985294,8.98889707629876e-09,4.99222752812294e-06,NA,NA,NA
"ENSG00000211670",185.215128450961,6.46100501154152,1.1272730571727,5.73153502643475,9.95257908538251e-09,5.28570811747073e-06,NA,NA,NA
"ENSG00000211671",1214.32050274691,5.45739404113571,0.961650065275395,5.67503111391443,1.38663450295765e-08,7.23506960569534e-06,NA,NA,NA
"ENSG00000211893",11874.718532462,5.17679639452181,0.914606854744678,5.66013294965624,1.51255769636878e-08,7.75603076684551e-06,NA,NA,NA
"ENSG00000211652",194.199152882827,6.36143475476784,1.12492245711,5.65499845305854,1.55847676294285e-08,7.78937934364292e-06,NA,NA,NA
"ENSG00000211663",1886.90743642006,6.54075091854285,1.15692294340222,5.65357524962566,1.57144265700069e-08,7.78937934364292e-06,NA,NA,NA
"ENSG00000211946",87.3633430595831,7.07905277156235,1.25764023079137,5.62883772182435,1.81427986489254e-08,8.8456553216015e-06,NA,NA,NA
"ENSG00000211625",177.81213078494,6.95111655232569,1.23604734919012,5.6236652721113,1.86947732936206e-08,8.9677621375092e-06,NA,NA,NA
"ENSG00000242887",215.03329843096,6.15756335869827,1.10273894716363,5.58388127537912,2.35209303757817e-08,1.1103745877875e-05,NA,NA,NA
"ENSG00000241351",2764.57778695927,5.55965241716149,1.00190332489631,5.54909069469039,2.87159192738121e-08,1.33443774237882e-05,NA,NA,NA
"ENSG00000211650",192.666539152338,7.40909843102742,1.33635099354002,5.54427576800057,2.95173324363374e-08,1.35057689844479e-05,NA,NA,NA
"ENSG00000241755",716.219948188081,6.07200637662215,1.10245894548228,5.50769387060114,3.63564923259356e-08,1.63830066403886e-05,NA,NA,NA
"ENSG00000211967",294.786358462807,5.85881131949423,1.06579658098083,5.49711964181992,3.86044797467127e-08,1.71363557036863e-05,NA,NA,NA
"ENSG00000211679",4677.19733549007,5.1385288460452,0.958102473096613,5.36323513437696,8.17444831746677e-08,3.5752392266144e-05,NA,NA,NA
"ENSG00000211897",14210.0271065283,5.23121357665802,0.977319078701735,5.35261583515502,8.66917717673754e-08,3.73666664367175e-05,NA,NA,NA
"ENSG00000239819",39.803603154058,6.44156607558696,1.20406386642162,5.34985415244687,8.80251425765702e-08,3.73993680767111e-05,NA,NA,NA
"ENSG00000211956",792.497444753965,5.88486074819944,1.10069540390898,5.34649343251555,8.96745332886017e-08,3.75635252751592e-05,NA,NA,NA
"ENSG00000240671",67.4719654789198,5.5695814170273,1.04531162043529,5.32815411992457,9.92159197321322e-08,4.09830648437964e-05,NA,NA,NA
"ENSG00000232216",140.10608841445,6.12907637025357,1.15361704102706,5.31292114478206,1.07881729425959e-07,4.39521988336636e-05,NA,NA,NA
"ENSG00000211598",2950.01161192191,5.362142937707,1.01426839531942,5.28671006851031,1.24535785988041e-07,5.00516055550043e-05,NA,NA,NA
"ENSG00000211955",1089.4117561868,6.69481333802165,1.27305581516851,5.25885295699739,1.449567391753e-07,5.74821117308346e-05,NA,NA,NA
"ENSG00000241244",39.2889595699369,7.24782468879753,1.38121916652698,5.24741102964992,1.54251499654197e-07,6.03630769896773e-05,NA,NA,NA
"ENSG00000211978",14.2570836814904,5.93697671746509,1.13303634673237,5.23988196370493,1.60679339193448e-07,6.2061873077303e-05,NA,NA,NA
"ENSG00000254395",81.8595941149645,7.37187983643398,1.41144113122313,5.2229453098378,1.76099412955313e-07,6.71458030859483e-05,NA,NA,NA
"ENSG00000211964",510.56681525606,5.18208750875082,0.997900606387055,5.19298963802899,2.06943706673239e-07,7.79077567109976e-05,NA,NA,NA
"ENSG00000211642",78.4960102815253,6.70745253229032,1.29306451739965,5.18725279522712,2.13418940219971e-07,7.9341158763527e-05,NA,NA,NA
"ENSG00000211632",26.4365446798379,5.73468608190594,1.10649601230501,5.18274446372351,2.18644504887374e-07,8.02803237019186e-05,NA,NA,NA
"ENSG00000211674",60.2893040101218,5.24103754599148,1.01197539561844,5.17901677124135,2.23058417834298e-07,8.09022000586566e-05,NA,NA,NA
"ENSG00000263884",40.6285211429695,-1.45015207913876,0.282213857797482,-5.13848643173078,2.76960187604159e-07,9.92418426450035e-05,NA,NA,NA
"ENSG00000243466",3404.1496004084,5.7347230561045,1.11744021608825,5.13201777915216,2.86652414129697e-07,0.000101492017245611,NA,NA,NA
"ENSG00000148408",178.043439464637,-2.03478091981752,0.396939385877308,-5.12617541169487,2.95687137957217e-07,0.000103459190235125,"CACNA1B","774","calcium voltage-gated channel subunit alpha1 B"
"ENSG00000242472",208.42753823709,5.96931806612202,1.18451649491645,5.03945541640012,4.6685836481764e-07,0.000161451565442342,NA,NA,NA
"ENSG00000211593",1331.37317294872,5.44078297038546,1.08132462633121,5.03159073408444,4.86426799628608e-07,0.000166285281008672,NA,NA,NA
"ENSG00000254056",11.4446740597389,5.8847976116838,1.1710060583656,5.02542029534616,5.023311681412e-07,0.000169770809905539,NA,NA,NA
"ENSG00000211666",3145.84079186429,5.03397115184404,1.00395210577308,5.01415468217751,5.3267122813342e-07,0.000178001966246248,NA,NA,NA
"ENSG00000253883",10.6532233457351,5.75248772390681,1.15333619599187,4.98769373917002,6.11043316633716e-07,0.000201922658666704,NA,NA,NA
"ENSG00000242371",1667.05021594074,5.33563625959478,1.07150756473179,4.97956004718489,6.37289782454577e-07,0.000206017776304148,NA,NA,NA
"ENSG00000225698",82.3366623482258,5.80989926753043,1.16652705998745,4.98050963995036,6.34170432838297e-07,0.000206017776304148,NA,NA,NA
"ENSG00000211950",582.764622120194,6.35599058833951,1.28456502022398,4.94797109392815,7.49910419068999e-07,0.000239818126597109,NA,NA,NA
"ENSG00000253709",9.70925215409353,6.31936667141465,1.28363871376914,4.92301034833949,8.52229440966585e-07,0.00026954386722087,NA,NA,NA
"ENSG00000211662",992.995369659119,5.02240478435355,1.02060453576342,4.92100966472461,8.60988782689977e-07,0.00026954386722087,NA,NA,NA
"ENSG00000211648",1749.08805726619,6.34247182908534,1.28956235292048,4.91831342216333,8.72930650663441e-07,0.000270435734181056,NA,NA,NA
"ENSG00000270999",10.8569573899737,5.92514321424412,1.20897328512707,4.90097116878918,9.53640522678792e-07,0.000292394049329793,NA,NA,NA
"ENSG00000211949",3167.33402643574,5.19119554609293,1.06095399367621,4.89295066236135,9.93353152185186e-07,0.000301462409174894,NA,NA,NA
"ENSG00000253755",1960.02655226563,4.3618975246372,0.894016876708598,4.87898790087265,1.06631604392428e-06,0.000320336418811636,NA,NA,NA
"ENSG00000211677",935.66995671535,3.8073502221023,0.783790551048551,4.85761179055916,1.18810060802952e-06,0.000353353001834059,NA,NA,NA
"ENSG00000243238",373.318197226607,5.06247959840726,1.04897003964514,4.8261431757573,1.39202452362177e-06,0.000409902983733021,NA,NA,NA
"ENSG00000211640",1032.80633572255,6.35693193682917,1.31931653956087,4.81835234093635,1.44748589595882e-06,0.000422055666977561,NA,NA,NA
"ENSG00000211905",40.6167822887497,5.56871905253972,1.15682578884407,4.81379228077558,1.48092740787459e-06,0.000427614194539789,NA,NA,NA
"ENSG00000211890",7289.21311935936,4.25423631535814,0.886940623764884,4.79652887844934,1.61438692352466e-06,0.00045727125230997,NA,NA,NA
"ENSG00000224650",429.31778025879,5.03616233156521,1.04967299361501,4.79783929109289,1.60386379773544e-06,0.00045727125230997,NA,NA,NA
"ENSG00000253497",39.3297063043605,4.6391711811948,0.968867198237277,4.78824258849422,1.68248192956546e-06,0.000472063161011382,NA,NA,NA
"ENSG00000211958",8.80585118455916,5.81625635051956,1.22315195787863,4.75513799659609,1.98310910279029e-06,0.000551211661926039,NA,NA,NA
"ENSG00000211934",1102.58240849472,5.59900064229158,1.17997160757041,4.74502997052622,2.0847546612923e-06,0.000574098966495317,NA,NA,NA
"ENSG00000243063",39.3214952398702,5.78135085728943,1.21897562882865,4.74279445836412,2.10790113606201e-06,0.000575147593464405,NA,NA,NA
"ENSG00000211942",76.0711899859286,5.42733002727569,1.14497974721027,4.74011006788488,2.13602151565523e-06,0.00057733373375379,NA,NA,NA
"ENSG00000211961",27.7191275260677,5.96713426466154,1.25932953540597,4.73834218677158,2.15473738094451e-06,0.00057733373375379,NA,NA,NA
"ENSG00000211639",105.412211095436,7.48422756909788,1.58800046873247,4.7129882619441,2.4411026376425e-06,0.000648221728090408,NA,NA,NA
"ENSG00000239975",25.0432368892304,6.38135742804655,1.35564315194637,4.70725457424727,2.51075281445818e-06,0.00066081680933452,NA,NA,NA
"ENSG00000242534",29.0290563488665,6.87014164223068,1.46322535799704,4.69520406045656,2.66340707490763e-06,0.000694845524691472,NA,NA,NA
"ENSG00000116748",51.3672227440356,3.49449292174783,0.746064899195217,4.68389938397765,2.81468213810956e-06,0.000721650529909625,"AMPD1","270","adenosine monophosphate deaminase 1"
"ENSG00000211973",1987.25111420764,4.8211032030931,1.02926196716381,4.68403900746273,2.81276443219108e-06,0.000721650529909625,NA,NA,NA
"ENSG00000211904",121.46052359335,6.52465137965037,1.39465242051301,4.67833510606918,2.89213612738941e-06,0.000735171115937508,NA,NA,NA
"ENSG00000211965",274.456715073309,5.20587350097767,1.11487915125985,4.66945094012642,3.02005808177924e-06,0.000761182605171156,NA,NA,NA
"ENSG00000226777",331.652401231493,4.10616310940163,0.885711633018571,4.63600449212519,3.55208249422023e-06,0.000887751978660538,"FAM30A","9834","family with sequence similarity 30 member A"
"ENSG00000105369",1712.01934463327,3.8983235822202,0.841971665806983,4.62999378783593,3.6567670318243e-06,0.000906299235779053,"CD79A","973","CD79a molecule"
"ENSG00000254709",72.824051783195,5.29426050183333,1.1542867485122,4.58660771134839,4.50506028313759e-06,0.00110731403207269,"IGLL5","100423062","immunoglobulin lambda like polypeptide 5"
"ENSG00000235896",35.8829010218549,7.15197903447915,1.56200438650594,4.57871891799067,4.67832363979833e-06,0.00114047560140362,NA,NA,NA
"ENSG00000172640",24.5581452923035,-1.86767274385142,0.409113040602235,-4.56517529018902,4.99077140888812e-06,0.00120675229651822,"OR10AD1","121275","olfactory receptor family 10 subfamily AD member 1"
"ENSG00000168081",57.6197759507853,3.51982521682734,0.77322723584997,4.55212265377353,5.31073574382729e-06,0.00126357273405734,"PNOC","5368","prepronociceptin"
"ENSG00000048462",93.7085368358399,3.34434515544159,0.734629811730813,4.55242232487435,5.30317433795956e-06,0.00126357273405734,"TNFRSF17","608","TNF receptor superfamily member 17"
"ENSG00000211896",120177.762801545,5.55220253620101,1.22191617809287,4.54384894458694,5.52362473330372e-06,0.00130379462851735,NA,NA,NA
"ENSG00000110777",1825.9507478172,3.05608545679737,0.677137162491447,4.51324432638265,6.38434019991033e-06,0.00149509182587034,"POU2AF1","5450","POU class 2 homeobox associating factor 1"
"ENSG00000253234",20.2441553114716,5.26102342555495,1.16832357693423,4.50305337444294,6.69840522634863e-06,0.00155638492060027,NA,NA,NA
"ENSG00000261693",16.2176396722139,-1.64812189765358,0.369740578943899,-4.4575088359551,8.29176203724606e-06,0.00191166895154833,NA,NA,NA
"ENSG00000211611",120.708473246409,5.40114516376411,1.21733794310966,4.43684943391072,9.12850966125486e-06,0.00208839235257985,NA,NA,NA
"ENSG00000251546",128.376944563239,5.25888361885456,1.1888837809576,4.42337905780726,9.71690367589642e-06,0.00220603383377737,NA,NA,NA
"ENSG00000211939",573.179638976288,5.14680595538279,1.17078238004478,4.3960398132964,1.1024372188135e-05,0.00248390797914639,NA,NA,NA
"ENSG00000243264",122.943706212098,5.68701519899802,1.30260592818989,4.36587541629012,1.2661463434338e-05,0.002831312661659,NA,NA,NA
"ENSG00000240505",153.670476669101,3.30453272285779,0.759306408860251,4.35204113161382,1.34875949951619e-05,0.0029713671314897,"TNFRSF13B","23495","TNF receptor superfamily member 13B"
"ENSG00000254030",21.9437421202764,5.75076101555075,1.32108144918281,4.35307075056427,1.34243802761003e-05,0.0029713671314897,NA,NA,NA
"ENSG00000126583",17.2978640645042,2.45878038686563,0.565895754636107,4.34493520533074,1.39316779289643e-05,0.00304663259768623,"PRKCG","5582","protein kinase C gamma"
"ENSG00000197794",11.4870362517352,5.29130775420942,1.22137781065187,4.33224486973883,1.4759665190401e-05,0.00320020370092488,NA,NA,NA
"ENSG00000211970",223.947643679364,5.38426183309705,1.24321591889422,4.33091448658903,1.48491345525582e-05,0.00320020370092488,NA,NA,NA
"ENSG00000211676",15.6421868055505,4.86409484334941,1.12837031833538,4.3107256228834,1.62719706899966e-05,0.00348161640497258,NA,NA,NA
"ENSG00000244437",1411.9601928724,4.55982159949969,1.06123300645787,4.29672048621936,1.73343544613561e-05,0.00368243597167995,NA,NA,NA
"ENSG00000254228",6.34300054915553,4.90244006002214,1.14290076119453,4.28947134036224,1.79098921759786e-05,0.00377771704401263,NA,NA,NA
"ENSG00000132704",570.296735574368,4.13848257722432,0.968636589371973,4.27248219056803,1.93308997100773e-05,0.00404873442448879,"FCRL2","79368","Fc receptor like 2"
"ENSG00000239862",15.2537917819396,5.85776263191852,1.37229990519415,4.26857322495391,1.96727249180387e-05,0.00409151406844328,NA,NA,NA
"ENSG00000173227",39.5985160128468,2.81823050641686,0.662058985192673,4.25676649580806,2.0740477576145e-05,0.00428362877494533,"SYT12","91683","synaptotagmin 12"
"ENSG00000254098",20.5836310125625,6.07634540963565,1.43163907301658,4.2443277248869,2.1924972980345e-05,0.00443585456740436,NA,NA,NA
"ENSG00000242580",46.5514923776824,5.56482392998645,1.31098587480956,4.24476269112726,2.18824880059923e-05,0.00443585456740436,NA,NA,NA
"ENSG00000222037",880.487270440387,6.32290701817561,1.48950983557848,4.24495821856724,2.1863415562572e-05,0.00443585456740436,NA,NA,NA
"ENSG00000253957",8.99171975634118,5.6014576532054,1.32102555336371,4.24023414152927,2.23286754025696e-05,0.00448700766991772,NA,NA,NA
"ENSG00000006607",1222.50288708045,0.350048474709314,0.0830997792120191,4.21238754216431,2.52685526550032e-05,0.00504370486249967,"FARP2","9855","FERM, ARH/RhoGEF and pleckstrin domain protein 2"
"ENSG00000239571",9.66526367073545,5.127624072882,1.22227379601826,4.19515176516588,2.72688941384747e-05,0.00540669453714917,NA,NA,NA
"ENSG00000132185",262.35690475352,4.42748993395592,1.05623195189979,4.1917780710879,2.76776677028861e-05,0.00545140076259295,"FCRLA","84824","Fc receptor like A"
"ENSG00000248923",73.1095728032415,2.43235111368867,0.580828635020644,4.18772589199604,2.81763526268776e-05,0.00551311120707872,NA,NA,NA
"ENSG00000268204",152.514000383174,-1.31293292454569,0.314736056991799,-4.17153642037238,3.02552686304228e-05,0.00588118917867585,NA,NA,NA
"ENSG00000231486",206.775431376675,3.63773531092512,0.873644007524402,4.1638645484826,3.12905787829514e-05,0.00604294223106336,NA,NA,NA
"ENSG00000083454",1059.02098058232,2.79418462846861,0.671976809006181,4.15815633965265,3.20826431662393e-05,0.00615593477682015,"P2RX5","5026","purinergic receptor P2X 5"
"ENSG00000222004",3.1644495015201,4.14795987937863,1.00565305841376,4.12464303138628,3.71310188713607e-05,0.00698932678641226,"LINC02860","285941","long intergenic non-protein coding RNA 2860"
"ENSG00000211938",721.315510052055,4.81543874015058,1.1668661549838,4.12681327638423,3.67824813069891e-05,0.00698932678641226,NA,NA,NA
"ENSG00000211968",30.6863870599799,4.73333091513223,1.14730088804977,4.12562298559546,3.69732534517798e-05,0.00698932678641226,NA,NA,NA
"ENSG00000228325",10.7345142675037,4.97872509171369,1.20989793567808,4.11499593882967,3.8718623170773e-05,0.00724233063976076,NA,NA,NA
"ENSG00000251359",59.9959658878835,-0.924347639148183,0.22476182755932,-4.11256506136135,3.91287147155045e-05,0.00727329440221137,"WWC2-AS2","152641","WWC2 antisense RNA 2"
"ENSG00000174788",178.774143660811,-1.29990324664001,0.316773557031248,-4.1035724661569,4.06818946802004e-05,0.00751503248250832,"PCP2","126006","Purkinje cell protein 2"
"ENSG00000262050",15.855223916901,-1.03482171204798,0.25236815082734,-4.10044495969686,4.12356505624667e-05,0.00757030545295261,"LOC105371592","105371592","uncharacterized LOC105371592"
"ENSG00000026751",673.002332923451,2.47138867600292,0.604527344319414,4.0881338110276,4.34857309272897e-05,0.00793441180066578,"SLAMF7","57823","SLAM family member 7"
"ENSG00000211658",122.413626068415,5.13769937112735,1.26027306988759,4.07665568191948,4.56880697503117e-05,0.00828542001490256,NA,NA,NA
"ENSG00000254046",8.95120925115113,4.96155050224215,1.21892531227617,4.07043028171853,4.69263835614061e-05,0.00845840953636229,NA,NA,NA
"ENSG00000160856",637.196441352717,2.81205858069548,0.69141638510427,4.06709855490538,4.76021146411834e-05,0.00852852103339419,"FCRL3","115352","Fc receptor like 3"
"ENSG00000177455",843.39382140229,3.25941296295034,0.803512101806938,4.05645783756159,4.98225513305625e-05,0.00887288921630095,"CD19","930","CD19 molecule"
"ENSG00000161405",197.914074080345,2.37772864356182,0.590279536658429,4.02814005212198,5.6219851755181e-05,0.0099525869705407,"IKZF3","22806","IKAROS family zinc finger 3"
"ENSG00000164404",88.7246334592628,-0.864209850166252,0.216856318837929,-3.98517255479253,6.74311059550349e-05,0.0118666776462053,"GDF9","2661","growth differentiation factor 9"
"ENSG00000257818",11.8339404567755,-1.31660314448917,0.330728649471654,-3.98091652051454,6.86500574475593e-05,0.0120101256385168,NA,NA,NA
"ENSG00000253128",5.9270646208712,4.83155675132877,1.21695533156268,3.97020057024164,7.1812153765228e-05,0.012489855351647,NA,NA,NA
"ENSG00000162543",674.14738734805,-1.18537525019723,0.299981447683872,-3.95149519861777,7.76644306967238e-05,0.0134291734497166,"UBXN10","127733","UBX domain protein 10"
"ENSG00000235621",71.1210280888155,3.36387608121658,0.852532107585005,3.94574708833611,7.95515485149741e-05,0.0136759688114673,"LINC00494","284749","long intergenic non-protein coding RNA 494"
"ENSG00000197476",7.79470286506084,5.19971077884674,1.32884689970995,3.91294947520417,9.11756165838868e-05,0.0155842184644907,NA,NA,NA
"ENSG00000224607",28.5361725063705,4.75580053622963,1.21768322325732,3.90561391123365,9.39864711878301e-05,0.0158821115886208,NA,NA,NA
"ENSG00000213642",2.12710741403172,-3.26712295520834,0.836457887643031,-3.90590250085923,9.38743594434013e-05,0.0158821115886208,NA,NA,NA
"ENSG00000117322",607.027871053866,3.50765536891209,0.899729466082096,3.8985667371619,9.67637333557467e-05,0.0162590406425608,"CR2","1380","complement C3d receptor 2"
"ENSG00000158406",243.960289470178,-1.54843144427328,0.397942979433501,-3.89108873456588,9.97954260829559e-05,0.0166742458827707,"H4C8","8365","H4 clustered histone 8"
"ENSG00000187837",2361.11694382814,-1.54638508907947,0.397659633812572,-3.88871526700728,0.000100776262530126,0.0167440604687624,"H1-2","3006","H1.2 linker histone, cluster member"
"ENSG00000163518",27.3008837935811,5.66204342509889,1.45747752800398,3.88482382493615,0.000102404118636587,0.0169200049576152,"FCRL4","83417","Fc receptor like 4"
"ENSG00000211933",147.299770905257,4.45171355408133,1.14982901662756,3.87163090312174,0.000108109572098736,0.017764015380047,NA,NA,NA
"ENSG00000204165",43.6720820154873,2.51671158306394,0.650523712079448,3.86874688244504,0.000109396133561391,0.0178766505947765,"CXorf65","158830","chromosome X open reading frame 65"
"ENSG00000150556",39.5886941772443,3.73157885264275,0.967023289668295,3.85883038444994,0.000113930972326254,0.0185159620106837,"LYPD6B","130576","LY6/PLAUR domain containing 6B"
"ENSG00000270472",10.0622632543414,4.64918181941184,1.21082938530068,3.83966715364884,0.000123201225252291,0.0199137371751542,NA,NA,NA
"ENSG00000253209",10.1552546417006,5.89036765754039,1.53559365815697,3.83588954424965,0.000125110631133904,0.0201130555705591,NA,NA,NA
"ENSG00000145996",691.234087236766,0.30599321426914,0.0800415179693888,3.82293117412097,0.000131874598458684,0.0210864646922566,"CDKAL1","54901","CDK5 regulatory subunit associated protein 1 like 1"
"ENSG00000163961",1193.87456194856,0.391473300583174,0.102590752833671,3.81587316371354,0.000135702201867402,0.0213540697658116,"RNF168","165918","ring finger protein 168"
"ENSG00000211957",10.6964833506558,4.68680289677887,1.22820257930757,3.81598522567927,0.000135640620576348,0.0213540697658116,NA,NA,NA
"ENSG00000204524",121.801359530093,0.708296635062068,0.185585533530564,3.81655090021023,0.000135330167731246,0.0213540697658116,"ZNF805","390980","zinc finger protein 805"
"ENSG00000103404",987.567848220967,0.633102525187425,0.166041884046338,3.81290858522627,0.000137340920928033,0.0214981912069506,"USP31","57478","ubiquitin specific peptidase 31"
"ENSG00000070915",18.9289834646628,2.48109748699946,0.652569475635533,3.80204342929637,0.000143507563313716,0.0222294710443397,"SLC12A3","6559","solute carrier family 12 member 3"
"ENSG00000241693",4.23316099740958,2.09543700552069,0.550969494395229,3.8031815315306,0.000142849598627137,0.0222294710443397,NA,NA,NA
"ENSG00000241520",8.4885563703045,-1.4349694158327,0.378286975610323,-3.79333550545202,0.000148637108956195,0.0229047474480114,NA,NA,NA
"ENSG00000161513",762.613947685688,-0.692846481287297,0.18274012321592,-3.79143052491353,0.000149782050148658,0.0229622059457281,"FDXR","2232","ferredoxin reductase"
"ENSG00000196092",411.035620902334,3.63324854935974,0.959668353451872,3.78594181655689,0.000153127503430492,0.0233546927155193,"PAX5","5079","paired box 5"
"ENSG00000007171",68.0908070097367,1.59692623784815,0.422016626800198,3.78403630671217,0.000154305298908187,0.023414254565451,"NOS2","4843","nitric oxide synthase 2"
"ENSG00000137634",4.74331581117355,3.68490515119544,0.975672491416041,3.7767849187255,0.000158865805643949,0.0239838980997801,"NXPE4","54827","neurexophilin and PC-esterase domain family member 4"
"ENSG00000227946",114.78618067676,-0.403350271943058,0.1071152474785,-3.76557288936868,0.000166167637587311,0.0249595540883041,NA,NA,NA
"ENSG00000242766",26.9728807922658,5.89554327876764,1.56718578270765,3.76186623425195,0.000168650243742459,0.0252051602972085,NA,NA,NA
"ENSG00000232613",15.1341030051691,4.47597946095403,1.19138453094868,3.75695616711583,0.000171992608093604,0.0255761607865594,NA,NA,NA
"ENSG00000260100",3.93379752800254,-2.454920964362,0.654201909298888,-3.7525432583848,0.000175049613770008,0.0259012465827553,NA,NA,NA
"ENSG00000269919",22.3178224143581,1.67287830592634,0.446297327128131,3.74834937213517,0.000178002188353463,0.0262077380387146,NA,NA,NA
"ENSG00000102096",2015.47913807151,1.85448594299826,0.497061790152199,3.73089619789608,0.000190799830847281,0.0279535850700936,"PIM2","11040","Pim-2 proto-oncogene, serine/threonine kinase"
"ENSG00000249096",117.225717001193,2.01174942855153,0.54015262982578,3.72440920856092,0.000195773151363413,0.0285416141897023,NA,NA,NA
"ENSG00000235253",5.22529965937328,1.76362766174021,0.474372333996144,3.71781306654901,0.000200954876822834,0.02915414142238,NA,NA,NA
"ENSG00000271130",5.37197035115641,5.24289872916116,1.41169965141294,3.7138910701817,0.000204096672912523,0.0294662094616084,NA,NA,NA
"ENSG00000188869",70.0531870081142,2.43470530483388,0.65594079106544,3.71177602917362,0.000205810063191571,0.029570034248215,"TMC3","342125","transmembrane channel like 3"
"ENSG00000211619",62.3852284684303,5.12340369852278,1.38205138741106,3.70710072374389,0.000209645577390778,0.029976293832592,NA,NA,NA
"ENSG00000138755",1308.91376190485,2.20936378317097,0.597641048372765,3.69680728789722,0.000218327948649876,0.0310683804822773,"CXCL9","4283","C-X-C motif chemokine ligand 9"
"ENSG00000091181",23.5077783790146,3.01687013332515,0.816967354631831,3.69276705638344,0.000221827197751719,0.0314160128015899,"IL5RA","3568","interleukin 5 receptor subunit alpha"
"ENSG00000241566",8.95000825875841,4.31549131280024,1.17182069508207,3.68272324504219,0.000230755635129279,0.0325256082672033,NA,NA,NA
"ENSG00000211952",33.4440937715161,4.96317530753043,1.35080820857707,3.67422649345505,0.000238571040735656,0.0334685911439583,NA,NA,NA
"ENSG00000128965",192.302498494569,2.21996003262497,0.604462845260543,3.67261619143538,0.00024007993159086,0.0335221466922243,"CHAC1","79094","ChaC glutathione specific gamma-glutamylcyclotransferase 1"
"ENSG00000211935",340.892169320344,4.16066413121988,1.13423664567715,3.66825048994597,0.000244215861790638,0.0339402988108194,NA,NA,NA
"ENSG00000228824",5.5070453612864,-2.83522930056054,0.774471602792304,-3.66085637012167,0.000251373652584232,0.0347725758209658,"MIR4500HG","642345","MIR4500 host gene"
"ENSG00000211656",3.81409141406378,4.46371923885064,1.2203146976338,3.65784272491829,0.000254347032834003,0.0350209958496115,NA,NA,NA
"ENSG00000236679",8.0496800751341,3.68157915137476,1.00742228545224,3.65445474508445,0.000257729116130624,0.0350738976108062,NA,NA,NA
"ENSG00000248560",8.60894134788499,-3.48229581665463,0.953030744292821,-3.65391760707427,0.000258269176448894,0.0350738976108062,NA,NA,NA
"ENSG00000174586",386.837159990369,-0.711849651243246,0.194713990948852,-3.65587314899337,0.000256308081166315,0.0350738976108062,"ZNF497","162968","zinc finger protein 497"
"ENSG00000102854",28.5938308659018,2.55844596311476,0.70194464594791,3.64479731825551,0.000267602611728369,0.0361762239791519,"MSLN","10232","mesothelin"
"ENSG00000260088",14.8012008875111,-2.61934355630063,0.721724305026061,-3.62928550148529,0.000284206775836124,0.0382470304078831,"DDX59-AS1","101929224","DDX59 antisense RNA 1"
"ENSG00000224041",103.680645496362,4.63604461368345,1.27830636343925,3.62670854677613,0.000287056990877497,0.0384565854310254,NA,NA,NA
"ENSG00000230415",87.0769826480532,-0.910929444885809,0.25134004128122,-3.6242909814222,0.000289755241365802,0.0384714760422336,NA,NA,NA
"ENSG00000271375",3.95712643592762,4.77880652515911,1.3182443368643,3.6251295693228,0.000288816611334821,0.0384714760422336,NA,NA,NA
"ENSG00000226913",8.61953848702347,-1.95859339868676,0.541204332431484,-3.61895365820028,0.000295796597135632,0.0390077955459643,"BSN-DT","100132677","BSN divergent transcript"
"ENSG00000156738",4189.48210767475,2.78753007057813,0.770374161495076,3.61841065018111,0.000296417800120639,0.0390077955459643,"MS4A1","931","membrane spanning 4-domains A1"
"ENSG00000211892",13199.0847140277,3.95408471314389,1.09996862618785,3.59472499397324,0.000324734408270028,0.0425459296755898,NA,NA,NA
"ENSG00000088340",1218.02324046346,1.88244459210264,0.524547089603132,3.58870467382991,0.000332325038420994,0.0433494691564859,"FER1L4","80307","fer-1 like family member 4 (pseudogene)"
"ENSG00000188403",5.48770288485231,5.22600602792522,1.45671255682085,3.58753413873945,0.000333820036846857,0.0433543306369536,NA,NA,NA
"ENSG00000225523",26.8773434010393,5.16084645407787,1.4399360323077,3.58408036071357,0.000338267935250575,0.0437409854882059,NA,NA,NA
"ENSG00000179029",757.879980213269,-0.394096031413017,0.110003925254521,-3.58256335400014,0.000340239064143637,0.0438054112843978,"TMEM107","84314","transmembrane protein 107"
"ENSG00000211633",4.75205586451886,4.26731642252227,1.19170984468738,3.58083508460207,0.000342497790984012,0.0439061500071358,NA,NA,NA
"ENSG00000128438",361.77509605674,2.89397426241731,0.808518840293686,3.579352908296,0.000344446057441587,0.0439663956839924,NA,NA,NA
"ENSG00000145945",692.640644157147,-0.542733026772194,0.15173133985619,-3.57693425291435,0.000347647568230451,0.0441854116527429,"FAM50B","26240","family with sequence similarity 50 member B"
"ENSG00000253703",5.2454450630479,4.79667965119457,1.34262962457008,3.57260078536588,0.000353453381920729,0.0445426145411203,NA,NA,NA
"ENSG00000197549",23.7326161524027,4.89207960766888,1.36907248537725,3.57328020241444,0.000352537170254027,0.0445426145411203,"PRAMENP","649179","PRAME N-terminal like, pseudogene"
"ENSG00000259635",12.1864037523715,2.01375333593064,0.564976004907706,3.56431656997469,0.000364805459299251,0.0457792369832027,NA,NA,NA
"ENSG00000128512",1560.20600570351,0.521494285838239,0.146463813320284,3.56056744677161,0.000370054242308308,0.0461717235558668,"DOCK4","9732","dedicator of cytokinesis 4"
"ENSG00000270356",12.2689621320254,3.95224817378284,1.11022252501004,3.55987028253375,0.000371038025952462,0.0461717235558668,NA,NA,NA
"ENSG00000271737",50.0347998410069,-0.784645468773601,0.220590591198464,-3.55702146909639,0.000375083512853509,0.0464806614824009,NA,NA,NA
"ENSG00000232445",15.46712570976,-1.39516476659212,0.392953738640627,-3.55045551015373,0.000384565128755093,0.0472617830343191,NA,NA,NA
"ENSG00000226025",71.5326494251692,2.8822542397408,0.811795750580265,3.55046726677318,0.00038454795311114,0.0472617830343191,"LGALS17A","400696","galectin 14 pseudogene"
"ENSG00000163534",761.291736328069,3.16551506269359,0.892127179439163,3.5482777967639,0.000387759019428101,0.0474581934025151,"FCRL1","115350","Fc receptor like 1"
"ENSG00000269653",14.9443482421567,1.52260074108319,0.429336617599854,3.54640316867235,0.000390528233803254,0.0476012303341909,NA,NA,NA
"ENSG00000211898",592.159899359513,2.93149230484655,0.827178266579816,3.54396678840169,0.000394154893256374,0.0478471864503584,NA,NA,NA
"ENSG00000069956",1906.40750829075,0.510946283894059,0.144502883457859,3.53588988446078,0.000406404055906778,0.0491335895395263,"MAPK6","5597","mitogen-activated protein kinase 6"
"ENSG00000216522",76.3194910917956,-3.48987029993807,0.989834600834354,-3.52571055507291,0.000422348293258026,0.050854496314927,NA,NA,NA
"ENSG00000253701",78.318132335314,3.32698999511802,0.946085082174085,3.51658646542937,0.000437134254674433,0.0524226204365819,NA,NA,NA
"ENSG00000137265",960.180968196191,2.21127314069032,0.629043465692693,3.51529466768294,0.000439266297371031,0.0524667427715334,"IRF4","3662","interferon regulatory factor 4"
"ENSG00000242076",325.336397399555,3.65119978312823,1.04255675895002,3.50215923668792,0.000461503708682388,0.0549023271996916,NA,NA,NA
"ENSG00000134240",101.220302248404,-3.0338234937491,0.866888127034657,-3.49967129452658,0.000465832199362637,0.0551964758615306,"HMGCS2","3158","3-hydroxy-3-methylglutaryl-CoA synthase 2"
"ENSG00000227036",47.3650333761842,2.09716291317915,0.600161780399293,3.49432933197427,0.000475254363370348,0.0560894445277679,"LINC00511","400619","long intergenic non-protein coding RNA 511"
"ENSG00000211930",8.78327456494922,4.76430773028257,1.36414369260357,3.49252630504747,0.0004784744664165,0.0562462810501705,NA,NA,NA
"ENSG00000220695",1.51375741824223,3.57081194224907,1.02320915630444,3.48981625139661,0.000483352769034828,0.0563740968779013,NA,NA,NA
"ENSG00000260233",82.2161130241928,-0.767709337109233,0.219921951050551,-3.49082632925883,0.000481529154634395,0.0563740968779013,NA,NA,NA
"ENSG00000111696",729.12223703855,0.686147022818909,0.196801467914905,3.4864934194271,0.000489397424020499,0.056856128077319,"NT5DC3","51559","5'-nucleotidase domain containing 3"
"ENSG00000159958",173.72507966526,2.93560272693711,0.842642338334886,3.4838063474689,0.000494337024898562,0.0572065270720161,"TNFRSF13C","115650","TNF receptor superfamily member 13C"
"ENSG00000253998",82.1892404276165,5.18822662862179,1.49053868827332,3.48077287053311,0.000499969264704181,0.0576340538820428,NA,NA,NA
"ENSG00000230925",3.92580917771285,2.37407852190087,0.68278353504661,3.4770588334981,0.00050694656447517,0.058212732718363,NA,NA,NA
"ENSG00000183186",432.977260208046,-1.63495426319932,0.470835577454962,-3.47245268090582,0.00051572591874815,0.0589930944211106,"C2CD4C","126567","C2 calcium dependent domain containing 4C"
"ENSG00000050438",43.8629784637252,0.957881775772236,0.276514516841333,3.46412834564443,0.000531952641110953,0.0606161053612294,"SLC4A8","9498","solute carrier family 4 member 8"
"ENSG00000211940",808.709205486999,4.05525493352253,1.17104842052562,3.4629267777863,0.000534333783230853,0.0606550421643847,NA,NA,NA
"ENSG00000109943",68.414688757283,1.87521339755774,0.541855816761795,3.46072394085251,0.000538724949176127,0.0609209837013202,"CRTAM","56253","cytotoxic and regulatory T cell molecule"
"ENSG00000224220",4.6905867230334,3.624570491124,1.04845981292187,3.45704284174991,0.000546138016785655,0.0613743779935997,NA,NA,NA
"ENSG00000239520",2.52929048310149,2.64770325377053,0.766097372376116,3.45609233139444,0.000548067550501735,0.0613743779935997,NA,NA,NA
"ENSG00000260655",312.199704844786,3.0344600080779,0.878110256364569,3.45567084097247,0.000548925205820164,0.0613743779935997,NA,NA,NA
"ENSG00000196096",7.41796504470551,-1.52256529523604,0.441230972790641,-3.45072170615385,0.000559089749970074,0.0622767350331834,"SPAG16-DT","100130451","SPAG16 divergent transcript"
"ENSG00000270986",2.02862469697541,3.38875349244723,0.983221020103935,3.44658365022445,0.000567722776534105,0.0630023996153015,NA,NA,NA
"ENSG00000233673",19.2642731346518,1.75621088622302,0.509788401466418,3.44498007638314,0.000571101485101386,0.063083508649437,"ANAPC1P1","100286979","anaphase promoting complex subunit 1 pseudogene 1"
"ENSG00000151012",661.90803317273,1.80478567816146,0.524003201020677,3.44422643725461,0.000572695852034161,0.063083508649437,"SLC7A11","23657","solute carrier family 7 member 11"
"ENSG00000211804",6.39528045773096,3.35466116379794,0.975106662705353,3.44030175580045,0.000581065945271763,0.0637693073001015,NA,NA,NA
"ENSG00000222020",66.1604904135491,-0.968774372254337,0.281688691425551,-3.43916671752646,0.000583507768708361,0.06380185496013,"HDAC4-AS1","101928111","HDAC4 antisense RNA 1"
"ENSG00000233999",9.53383575137702,3.56874285191934,1.03810001651834,3.43776398722011,0.000586538680150173,0.0638983402430267,NA,NA,NA
"ENSG00000235674",10.4593246292616,1.62491556211344,0.472903653706929,3.43603934834565,0.000590285233871363,0.0640717997830957,NA,NA,NA
"ENSG00000247796",180.844276387978,-0.707888400620051,0.206292744715836,-3.43147502155324,0.000600308410980384,0.0647953523787139,"LOC257396","257396","uncharacterized LOC257396"
"ENSG00000111912",2557.26673286309,0.918592204153584,0.26773124929059,3.4310234856319,0.000601308538936991,0.0647953523787139,"NCOA7","135112","nuclear receptor coactivator 7"
"ENSG00000260936",17.7546417117087,1.3179015317209,0.385143480307368,3.4218456214529,0.000621976180430421,0.0667804822461414,NA,NA,NA
"ENSG00000180626",1192.18306422726,-0.481965594809848,0.140954032579697,-3.41931043751685,0.000627800580238963,0.0671633707082266,"ZNF594","84622","zinc finger protein 594"
"ENSG00000150907",4008.0999786761,0.519283753624512,0.152179718526195,3.41230591470128,0.000644157794565806,0.0686662973769951,"FOXO1","2308","forkhead box O1"
"ENSG00000248810",244.139817415949,-1.13528831727494,0.333095244518729,-3.4082993857065,0.000653691316691934,0.06943369089191,"LINC02432","100507639","long intergenic non-protein coding RNA 2432"
"ENSG00000253590",4.52918297623872,4.64625718756472,1.36542524345491,3.40279133539994,0.000667012006294997,0.0705964557979342,NA,NA,NA
"ENSG00000269514",206.225655386745,-1.11029526620649,0.326759155507413,-3.39790101514477,0.000679049848304221,0.0714603868137026,NA,NA,NA
"ENSG00000167483",672.991639862159,2.36196165889269,0.695200374225945,3.39752644915153,0.000679980144187413,0.0714603868137026,"NIBAN3","199786","niban apoptosis regulator 3"
"ENSG00000213839",93.8452585675039,0.807504451007141,0.237966352960524,3.39335557721094,0.000690419541306762,0.0723019985141,NA,NA,NA
"ENSG00000172578",1137.71295671618,1.8448942900424,0.543943609127905,3.39170138059032,0.000694600981996784,0.0724846589668995,"KLHL6","89857","kelch like family member 6"
"ENSG00000230732",22.4925109381697,1.62391773292149,0.4794176553795,3.38727144213332,0.00070591507512242,0.0733906426275346,NA,NA,NA
"ENSG00000134061",250.765768889655,2.44741435303589,0.722927137573881,3.38542326858739,0.000710685756253319,0.0733906426275346,"CD180","4064","CD180 molecule"
"ENSG00000261005",253.618932295916,-0.470221616462805,0.13887116095145,-3.38602783501751,0.000709121904880687,0.0733906426275346,NA,NA,NA
"ENSG00000169248",49.5095766113481,2.66675847060134,0.789652339097373,3.37712983114776,0.000732464682245861,0.0753779657947202,"CXCL11","6373","C-X-C motif chemokine ligand 11"
"ENSG00000267758",4.44842793551585,2.05327887411727,0.60842108436494,3.37476613957331,0.000738784425418763,0.0757661641254463,NA,NA,NA
"ENSG00000135722",842.627891110514,-0.702391986706036,0.208838026433338,-3.36333376972533,0.000770071976382447,0.0787034730226472,"FBXL8","55336","F-box and leucine rich repeat protein 8"
"ENSG00000264198",1298.66619249567,1.92321796783301,0.572081891526887,3.36178787743121,0.000774395879902131,0.0788743420005797,NA,NA,NA
"ENSG00000244649",7.42286719014016,3.16917957942118,0.944525568346018,3.35531369994654,0.000792750324353304,0.0804682163706198,NA,NA,NA
"ENSG00000135925",74.4556062250038,1.80530027255327,0.53851201629852,3.3523862382163,0.000801181603704359,0.0807726850026147,"WNT10A","80326","Wnt family member 10A"
"ENSG00000180066",8.91627699036745,-1.95256057510999,0.582284289930351,-3.35327709999448,0.000798607096420679,0.0807726850026147,NA,NA,NA
"ENSG00000113407",2483.78653015228,0.539874564196505,0.16118622182853,3.34938407310536,0.00080991440182506,0.0811715976857044,"TARS1","6897","threonyl-tRNA synthetase 1"
"ENSG00000260093",17.5297963657276,-1.2838613973756,0.383339394822029,-3.34915068661715,0.000810596970937568,0.0811715976857044,NA,NA,NA
"ENSG00000257086",23.1951658678006,-0.914936886261234,0.273346514609567,-3.34716865721913,0.000816415225256552,0.0812677985669841,NA,NA,NA
"ENSG00000188992",81.3286379309613,-1.98637155707067,0.593484860018603,-3.34696247686657,0.000817022688259583,0.0812677985669841,"LIPI","149998","lipase I"
"ENSG00000245479",14.8242120050368,-1.20956498463963,0.362065577008352,-3.34073455597169,0.000835570679282233,0.082835691908443,"LINC01585","101929765","long intergenic non-protein coding RNA 1585"
"ENSG00000140795",5.65350037852164,1.6259718777402,0.487100140732869,3.33806489009393,0.000843640449522688,0.083357842555662,"MYLK3","91807","myosin light chain kinase 3"
"ENSG00000254028",3.04427010249872,-2.76067973729867,0.828179467052628,-3.33343175860606,0.000857817117730008,0.0844779433722124,NA,NA,NA
"ENSG00000168421",529.590447916825,1.96890995444991,0.591807130672395,3.32694530431374,0.00087803605866344,0.0857504394045796,"RHOH","399","ras homolog family member H"
"ENSG00000253132",5.23949894213849,4.57338693052936,1.37481407814283,3.32654938819605,0.000879284364279952,0.0857504394045796,NA,NA,NA
"ENSG00000168234",644.413906304545,0.691547250796909,0.20794635408368,3.32560411479309,0.000882271425231208,0.0857504394045796,"TTC39C","125488","tetratricopeptide repeat domain 39C"
"ENSG00000225331",36.7843305274036,1.1500157840846,0.345805466647641,3.32561481816138,0.000882237550028952,0.0857504394045796,NA,NA,NA
"ENSG00000263975",41.9755387058688,-0.994227355722241,0.299626804287211,-3.31821900276055,0.000905934235172294,0.0877634856295088,NA,NA,NA
"ENSG00000213760",232.959875518184,-0.803911917784776,0.242633527018167,-3.31327631290042,0.000922098331773748,0.0890393717054644,"ATP6V1G2","534","ATPase H+ transporting V1 subunit G2"
"ENSG00000237914",20.0240029779336,3.16360898832746,0.955290205284217,3.31167321807327,0.000927398065007951,0.0892613134349563,"SIRPG-AS1","101929010","SIRPG antisense RNA 1"
"ENSG00000271646",342.618348188576,-0.490663416601449,0.148259932229821,-3.30948091788454,0.000934691371192695,0.089384746207852,NA,NA,NA
"ENSG00000124256",314.277393990783,1.87860402555257,0.567594459783635,3.30976455666725,0.000933744782980194,0.089384746207852,"ZBP1","81030","Z-DNA binding protein 1"
"ENSG00000227619",3.73561733586936,3.56877348763023,1.07872730116181,3.30831850068742,0.000938580003372481,0.0894085775685256,NA,NA,NA
"ENSG00000225419",6.15308507421568,1.44696260894833,0.43746452291026,3.30761132199321,0.000940953053997798,0.0894085775685256,NA,NA,NA
"ENSG00000165300",469.785240994547,-1.76012484633186,0.533084331848849,-3.30177561255153,0.000960748944976409,0.0909988355813484,"SLITRK5","26050","SLIT and NTRK like family member 5"
"ENSG00000091844",385.503108480646,-0.901785587560852,0.273525364980616,-3.2968993117869,0.000977585404899235,0.0920074921743929,"RGS17","26575","regulator of G protein signaling 17"
"ENSG00000261578",307.177914194218,1.59327870342262,0.483210964476081,3.29727349036899,0.000976283859258623,0.0920074921743929,NA,NA,NA
"ENSG00000240040",12.6214840281993,3.35433882320086,1.01926823509372,3.29092844033586,0.00099857311713754,0.0933917077886402,NA,NA,NA
"ENSG00000265713",2.22221155845693,2.30480080090596,0.700341619156931,3.29096649101116,0.00099843805767455,0.0933917077886402,NA,NA,NA
"ENSG00000260641",261.367430666981,-1.00983895362357,0.306971853627066,-3.28967930346605,0.00100301628493127,0.0934489116780608,NA,NA,NA
"ENSG00000253152",2.32983174305944,4.85661237562376,1.47662640319949,3.28899196513123,0.00100546893974579,0.0934489116780608,NA,NA,NA
"ENSG00000158485",7.40044617932434,3.66793095108414,1.116945261342,3.28389499291769,0.00102383061901755,0.0942716608055757,"CD1B","910","CD1b molecule"
"ENSG00000115138",192.894440874782,-0.949888047520764,0.289170244873674,-3.28487479040497,0.00102027701293705,0.0942716608055757,"POMC","5443","proopiomelanocortin"
"ENSG00000269302",24.2968146909492,-1.32903862594675,0.404696057926542,-3.28404144274613,0.00102329873619375,0.0942716608055757,NA,NA,NA
"ENSG00000156886",39.5548623125322,2.617211588227,0.79732883092995,3.28247454086724,0.00102900277080315,0.0944554673038776,"ITGAD","3681","integrin subunit alpha D"
"ENSG00000211647",7.56458478293794,4.34917191157556,1.32836965326578,3.27406750137899,0.0010601128412614,0.0970117415752471,NA,NA,NA
"ENSG00000240350",10.3721679747416,1.56365606486205,0.478213769353495,3.26978469686471,0.00107629370349359,0.0978900643290607,NA,NA,NA
"ENSG00000253545",5.52019857425125,4.15444542660422,1.27041782380018,3.27014101091333,0.00107493885089275,0.0978900643290607,NA,NA,NA
"ENSG00000113494",48.1623022058993,1.7906791643017,0.547832473129491,3.26866195804797,0.00108057315532711,0.0979796530871452,"PRLR","5618","prolactin receptor"
"ENSG00000172724",2116.63713449186,2.16518847059583,0.662594332128835,3.26774372433785,0.00108408480537554,0.0979992893515921,"CCL19","6363","C-C motif chemokine ligand 19"
"ENSG00000269274",428.918793482469,-2.15001870987425,0.658187480424557,-3.26657491036961,0.00108857003192455,0.0981065494529338,NA,NA,NA
"ENSG00000163508",250.872949552436,1.92885715942265,0.590684477724336,3.26546105774395,0.00109286031420229,0.0981956453313906,"EOMES","8320","eomesodermin"
"ENSG00000240487",8.51561418100101,3.31979697339278,1.01718239930967,3.26371845958584,0.001099603747563,0.0985039610128651,NA,NA,NA
