"","baseMean","log2FoldChange","lfcSE","stat","pvalue","padj","symbol"
"ENSG00000253742",21.6912271841785,21.6235756205822,1.63711413881265,13.2083494412095,7.85274908963317e-40,2.2091353738956e-35,NA
"ENSG00000253131",11.9116199669163,21.7554797980858,1.8455796224682,11.7878847020379,4.50719475243691e-32,6.33982013877776e-28,NA
"ENSG00000170054",18.8046628688873,19.4236755704842,1.66056704275327,11.6970137732465,1.32017915621645e-31,1.23797600075604e-27,"SERPINA9"
"ENSG00000211654",32.4019144999743,23.2763550843319,2.31331691986704,10.0618963551565,8.14147640719046e-24,5.72590035717705e-20,NA
"ENSG00000237638",7.17278828534194,18.2324388889353,1.81790365979635,10.0293757541463,1.13230192803772e-23,6.37078356791145e-20,NA
"ENSG00000211937",822.529022248601,9.2356689504977,1.13515922946661,8.1360118569774,4.0851182388459e-16,1.91537577158688e-12,NA
"ENSG00000211660",1999.75747813936,7.09460973225489,0.986848535415495,7.18915768494081,6.51922488045513e-13,2.61998334767091e-09,NA
"ENSG00000132465",7256.75327032473,5.55912040155518,0.780563636281931,7.12193105489132,1.06425294358098e-12,3.74244547610251e-09,"JCHAIN"
"ENSG00000170476",1104.61644231101,5.74150574830824,0.80991376644328,7.08903340848489,1.35051924340948e-12,4.22142303951061e-09,"MZB1"
"ENSG00000211651",1036.18866126148,7.24744408544662,1.03878246359133,6.97686410722648,3.01841406709417e-12,8.49140245354931e-09,NA
"ENSG00000244116",594.848410878008,6.55641426605753,0.971500471297718,6.74875047389277,1.49123791447405e-11,3.81377318272582e-08,NA
"ENSG00000211947",824.95242730334,7.32560715708033,1.08814900727184,6.73217280733157,1.67147952856481e-11,3.91850517479877e-08,NA
"ENSG00000211685",460.844142767394,7.468167763877,1.13839445373392,6.5602636585074,5.37127224515194e-11,1.16234331385088e-07,NA
"ENSG00000211900",458.444671782907,6.38529793475143,0.97658426874965,6.53839933642051,6.21807147304742e-11,1.16617857786513e-07,NA
"ENSG00000211653",3341.09399124956,6.82106603954877,1.04159406732512,6.54867981061538,5.80479362319547e-11,1.16617857786513e-07,NA
"ENSG00000211673",1143.21428434865,6.92999190098547,1.06449116892598,6.51014503763097,7.50782790281849e-11,1.32006384101306e-07,NA
"ENSG00000240864",374.55058417903,6.35686840682975,0.980490466670457,6.48335564997013,8.97047019484418e-11,1.4149103839837e-07,NA
"ENSG00000211941",478.46468209679,7.13465302359154,1.10313318527757,6.46762613872078,9.95544305118253e-11,1.4149103839837e-07,NA
"ENSG00000211959",1584.54612594264,6.90236355119364,1.06744978676039,6.466218492714,1.00485756929186e-10,1.4149103839837e-07,NA
"ENSG00000211669",402.747198562701,7.04408118854865,1.08939302084291,6.46606050688515,1.00590813591903e-10,1.4149103839837e-07,NA
"ENSG00000224373",1606.89204262305,7.01438172360248,1.08952060617722,6.43804411209229,1.21022832231512e-10,1.62124491254138e-07,NA
"ENSG00000211664",115.996980662869,7.16437874384631,1.11515247569949,6.42457323098566,1.32239988606885e-10,1.69098879976768e-07,NA
"ENSG00000239951",5935.13731482671,6.01980905458132,0.942283033742945,6.38853596956891,1.67481432542599e-10,2.04851637403843e-07,NA
"ENSG00000240834",193.373497091702,8.68880201013657,1.36416607681612,6.3693139404373,1.89875601891073e-10,2.22565851349986e-07,NA
"ENSG00000231475",621.007042923063,6.53438980508354,1.03018711625593,6.34291547814328,2.25457139393394e-10,2.53702409816598e-07,NA
"ENSG00000211974",193.69484132243,7.07548511164351,1.11916367974689,6.32211823854371,2.58001836002946e-10,2.79157986555188e-07,NA
"ENSG00000211594",2145.83344790366,5.84557262035567,0.926588973715361,6.30870082223898,2.81387447979488e-10,2.82713988805677e-07,NA
"ENSG00000211655",148.949283465146,8.40204719148045,1.33150895549268,6.31016949365658,2.78730042772396e-10,2.82713988805677e-07,NA
"ENSG00000211595",961.059615116096,5.99341626181578,0.951257029405115,6.30052244193545,2.96644055322801e-10,2.87765191873829e-07,NA
"ENSG00000243290",776.03836216629,7.45078474561039,1.18748284408818,6.27443569623236,3.50904615280998e-10,3.29054954569501e-07,NA
"ENSG00000223648",96.5311920630624,8.55427337749335,1.36962068893341,6.24572441597316,4.21840376533269e-10,3.82813337826901e-07,NA
"ENSG00000211943",631.001697208306,6.19140850605744,0.996191664112039,6.21507760916288,5.12992887149911e-10,4.48275727828181e-07,NA
"ENSG00000211966",805.817810838718,5.95693240168247,0.959064477619355,6.21119073919734,5.25845976764182e-10,4.48275727828181e-07,NA
"ENSG00000211953",1587.85993619257,6.26221061046269,1.01014405007063,6.19932435381351,5.67060617755574e-10,4.69192626432347e-07,NA
"ENSG00000240041",626.431473168594,5.83586909765,0.957079790463654,6.09757844204696,1.07687280208543e-09,8.65559590521925e-07,NA
"ENSG00000240382",434.873931556512,6.38735935440232,1.05532557257655,6.05250125684697,1.42613885679536e-09,1.11444828664908e-06,NA
"ENSG00000211976",188.641604768284,7.5863258952229,1.2591720115376,6.02485270138677,1.69263705488499e-09,1.28695312508174e-06,NA
"ENSG00000211638",526.898767190506,6.91088514699662,1.14833035244841,6.01820297814264,1.76363961396403e-09,1.30565025315884e-06,NA
"ENSG00000211895",67413.1049723111,5.09568264998715,0.848384845448436,6.0063338911879,1.89765199646601e-09,1.36883964011749e-06,NA
"ENSG00000211936",497.109139988328,6.58509673714032,1.09716829317041,6.00190214949779,1.95019223006913e-09,1.37157019540762e-06,NA
"ENSG00000239855",516.486324197093,7.14248288703583,1.19775828542634,5.96320891614076,2.47331861610241e-09,1.69705851971203e-06,NA
"ENSG00000223350",243.933296309038,8.54180857741641,1.43417263407009,5.95591379621804,2.58622633781147e-09,1.73227903179315e-06,NA
"ENSG00000244575",268.555552491938,6.49390487448763,1.09213293121364,5.94607550865738,2.74647492244325e-09,1.79683331437613e-06,NA
"ENSG00000211899",11371.5621564447,5.26807616178611,0.891686978809804,5.90798821444917,3.4631078800842e-09,2.2141852473302e-06,NA
"ENSG00000211962",622.962995066454,5.64121951421591,0.956812582594906,5.89584587079399,3.72766805890877e-09,2.33037239629381e-06,NA
"ENSG00000211951",171.281797215936,6.78845160139715,1.15778217182433,5.86332366018427,4.53692635791608e-09,2.77462635436728e-06,NA
"ENSG00000211659",603.086131984321,6.29562872013855,1.07669413863456,5.84718398125814,4.9996443710382e-09,2.99255309459674e-06,NA
"ENSG00000143297",1547.45439830355,5.050276747109,0.86544741035145,5.83545191389288,5.3644966795132e-09,3.14404209558469e-06,"FCRL5"
"ENSG00000211678",289.323879263249,7.00372075798844,1.20615094035958,5.80667022976449,6.37274770119143e-09,3.65873751693709e-06,NA
"ENSG00000211972",73.575926375309,7.63107450183724,1.32563966110509,5.75652247419617,8.58643553385243e-09,4.83107208876673e-06,NA
"ENSG00000241294",156.504766037902,5.28448469708693,0.919958986356427,5.74426118496496,9.23231915360222e-09,4.90044532885165e-06,NA
"ENSG00000211945",1003.31557797152,6.71004170292316,1.1679050039461,5.74536600173076,9.1722369310973e-09,4.90044532885165e-06,NA
"ENSG00000211644",2206.34531494098,5.0416514725191,0.876995465113186,5.74877712950137,8.98912141602652e-09,4.90044532885165e-06,NA
"ENSG00000211670",185.215128450961,6.46101692989077,1.12727522160055,5.73153459429116,9.95260444686252e-09,5.18493830183586e-06,NA
"ENSG00000211671",1214.32050274691,5.45739834600294,0.961651255169659,5.6750285684805,1.38665512186897e-08,7.09261488880325e-06,NA
"ENSG00000211893",11874.718532462,5.17680064983645,0.914607869421844,5.66013132284646,1.51257203507189e-08,7.5985136590433e-06,NA
"ENSG00000211652",194.199152882827,6.36144278832011,1.12492466106595,5.65499451518126,1.55851249465495e-08,7.62219608975934e-06,NA
"ENSG00000211663",1886.90743642006,6.54075850590002,1.15692501109498,5.65357170358819,1.57147509315385e-08,7.62219608975934e-06,NA
"ENSG00000211946",87.3633430595831,7.07906447217232,1.25764337273275,5.62883296302842,1.81432991328647e-08,8.65097103738561e-06,NA
"ENSG00000211625",177.81213078494,6.95112858527309,1.23605013062362,5.62366235240482,1.86950894257442e-08,8.76550426208391e-06,NA
"ENSG00000242887",215.03329843096,6.1575712630098,1.10274084291376,5.58387884386302,2.35212593999462e-08,1.08475421219555e-05,NA
"ENSG00000241351",2764.57778695927,5.55965596574606,1.00190466184543,5.54908683178059,2.87165536880845e-08,1.3029904650858e-05,NA
"ENSG00000211650",192.666539152338,7.40911622894389,1.33635467541705,5.54427381086659,2.9517662558959e-08,1.3180807668391e-05,NA
"ENSG00000241755",716.219948188081,6.07201170235516,1.10246075135404,5.50768967956231,3.63573576367566e-08,1.59813310162068e-05,NA
"ENSG00000211967",294.786358462807,5.85881569595528,1.06579827540547,5.4971150086787,3.86054936472863e-08,1.67084576505455e-05,NA
"ENSG00000211679",4677.19733549007,5.13853306206861,0.958103641482598,5.36323299441498,8.17454520371944e-08,3.48433796471265e-05,NA
"ENSG00000211897",14210.0271065283,5.23121557077643,0.977320316401042,5.35261109688198,8.66940426225231e-08,3.64011463739824e-05,NA
"ENSG00000239819",39.803603154058,6.44157702366681,1.204066897477,5.34984977758667,8.8027270476931e-08,3.64173996037797e-05,NA
"ENSG00000211956",792.497444753965,5.88486734829199,1.10069719593415,5.34649072427004,8.96758744439534e-08,3.65617637660478e-05,NA
"ENSG00000240671",67.4719654789198,5.5695888542184,1.04531340814111,5.32815212245564,9.92170106203077e-08,3.98738991824357e-05,NA
"ENSG00000232216",140.10608841445,6.12908612252349,1.15361935009608,5.31291896413927,1.07883020893423e-07,4.27459879404756e-05,NA
"ENSG00000211598",2950.01161192191,5.36214461357091,1.01426977970498,5.28670450492039,1.2453957204769e-07,4.86603783450779e-05,NA
"ENSG00000211955",1089.4117561868,6.69481968063365,1.27305857157366,5.25884655280081,1.44961786822954e-07,5.58639039301826e-05,NA
"ENSG00000241244",39.2889595699369,7.24784025927834,1.3812230777928,5.24740744330771,1.54254501418324e-07,5.86417247824363e-05,NA
"ENSG00000211978",14.2570836814904,5.93698585929638,1.13303861919304,5.23987952283986,1.60681464458697e-07,6.02705461086941e-05,NA
"ENSG00000254395",81.8595941149645,7.37170468269549,1.41144272518589,5.22281531595596,1.76223126309402e-07,6.52303814386329e-05,NA
"ENSG00000211964",510.56681525606,5.18209121024512,0.99790194045311,5.19298640494889,2.06947301846494e-07,7.56083311109814e-05,NA
"ENSG00000211642",78.4960102815253,6.7074694300623,1.29306795184762,5.18725208561409,2.13419753150012e-07,7.69733909694376e-05,NA
"ENSG00000211632",26.4365446798379,5.73469582068804,1.10649846548677,5.18274177467137,2.1864765833032e-07,7.78607079006146e-05,NA
"ENSG00000211674",60.2893040101218,5.24104372338834,1.01197700591604,5.179014634472,2.23060972477126e-07,7.84393909715812e-05,NA
"ENSG00000263884",40.6285211429695,-1.45015249423663,0.282213887324646,-5.13848736496954,2.76958812401371e-07,9.61901890182143e-05,NA
"ENSG00000243466",3404.1496004084,5.73472603140148,1.11744206798474,5.1320119366401,2.86661314490419e-07,9.83458060883471e-05,NA
"ENSG00000148408",178.043439464637,-2.03478210834166,0.396939468231628,-5.12617734237075,2.95684107397829e-07,0.000100219100112238,"CACNA1B"
"ENSG00000242472",208.42753823709,5.96932741059828,1.18451882213193,5.03945340425618,4.66863272832814e-07,0.000156354733230152,NA
"ENSG00000211593",1331.37317294872,5.44078879710479,1.08132631206395,5.03158827858338,4.86433031044398e-07,0.000160992165051071,NA
"ENSG00000254056",11.4446740597389,5.88480784524687,1.17100855011361,5.02541834103257,5.02336283965673e-07,0.000164322376052585,NA
"ENSG00000211666",3145.84079186429,5.03397174831514,1.00395343309571,5.01414864710688,5.32687945503529e-07,0.000172248014746038,NA
"ENSG00000253883",10.6532233457351,5.75249741391134,1.15333861016335,4.98769170061564,6.11049762382378e-07,0.000195341499037967,NA
"ENSG00000242371",1667.05021594074,5.33563895490376,1.07150919907651,4.97955496742569,6.3730650882563e-07,0.000199207852292029,NA
"ENSG00000225698",82.3366623482258,5.80990994081886,1.16652949241864,4.98050840426913,6.34174482391544e-07,0.000199207852292029,NA
"ENSG00000211950",582.764622120194,6.35599654486817,1.28456785701479,4.94796480400723,7.49934646228401e-07,0.000231836939205466,NA
"ENSG00000253709",9.70925215409353,6.31938260656541,1.2836418791687,4.92301062244705,8.52228246776272e-07,0.000260451844698953,NA
"ENSG00000211662",992.995369659119,5.02240608364652,1.02060594777764,4.92100412953966,8.61013136535e-07,0.000260451844698953,NA
"ENSG00000211648",1749.08805726619,6.34249220986141,1.2895652530636,4.91831816559391,8.72909502253859e-07,0.000261241384227719,NA
"ENSG00000270999",10.8569573899737,5.92515380387047,1.20897599741087,4.90096893284871,9.53651377696274e-07,0.000282401269024753,NA
"ENSG00000211949",3167.33402643574,5.19119770078452,1.06095557945344,4.89294537991761,9.93379824812798e-07,0.000291101679496184,NA
"ENSG00000251039",40.9151202001674,4.41332974967741,0.903469012104516,4.88487119153885,1.03496491330451e-06,0.000300161164341057,NA
"ENSG00000253755",1960.02655226563,4.36189893258042,0.894017825247394,4.87898429919268,1.06633551377044e-06,0.000306103578299899,NA
"ENSG00000211677",935.66995671535,3.80735116020151,0.783791190938304,4.85760902166252,1.18811721759382e-06,0.000337617308740904,NA
"ENSG00000243238",373.318197226607,5.06248448661617,1.04897159335249,4.8261406874104,1.39204190700609e-06,0.000391609229278952,NA
"ENSG00000211640",1032.80633572255,6.35695269340921,1.31931979044399,4.81835620101621,1.4474578978172e-06,0.000403167183974194,NA
"ENSG00000211905",40.6167822887497,5.56872814736978,1.15682833294689,4.81378955612547,1.48094760959404e-06,0.00040845115836372,NA
"ENSG00000211890",7289.21311935936,4.2542374583943,0.886941549381618,4.79652516150628,1.61441686620955e-06,0.000436699762309682,NA
"ENSG00000224650",429.31778025879,5.03616519815626,1.04967453929162,4.79783495706675,1.60389849273614e-06,0.000436699762309682,NA
"ENSG00000253497",39.3297063043605,4.63917661682387,0.968868702005476,4.78824076701122,1.68249719728896e-06,0.000450781058610792,NA
"ENSG00000211668",1212.87574435898,5.2846702672944,1.11069168205141,4.75799931942752,1.95521157906713e-06,0.000518905774927514,NA
"ENSG00000211958",8.80585118455916,5.81626705337525,1.2231547552939,4.75513587156657,1.98312996295335e-06,0.000521396374932744,NA
"ENSG00000211934",1102.58240849472,5.59890344165258,1.17997340578348,4.74494036408811,2.08567773054789e-06,0.00054328042514605,NA
"ENSG00000243063",39.3214952398702,5.78136498597984,1.2189786601692,4.74279425464049,2.10790325661969e-06,0.000544032425827754,NA
"ENSG00000211942",76.0711899859286,5.4273365823847,1.14498205763672,4.74010622802848,2.13606199701224e-06,0.000546105787817407,NA
"ENSG00000211961",27.7191275260677,5.96714684919217,1.25933278709956,4.73833994502393,2.15476121312854e-06,0.000546105787817407,NA
"ENSG00000211639",105.412211095436,7.48425187537255,1.588006288911,4.71298629459774,2.44112621484553e-06,0.000613158595321737,NA
"ENSG00000239975",25.0432368892304,6.38137247145547,1.35564688671519,4.70725270274318,2.51077585702481e-06,0.000625072092122318,NA
"ENSG00000242534",29.0290563488665,6.87016194251882,1.46322997765948,4.69520311052404,2.66341945248457e-06,0.000657257158221894,NA
"ENSG00000116748",51.3672227440356,3.49449452557579,0.746065485621401,4.68389785202999,2.8147031861188e-06,0.000682614051999088,"AMPD1"
"ENSG00000211973",1987.25111420764,4.82110568635918,1.02926341550363,4.68403482892681,2.81282180550072e-06,0.000682614051999088,NA
"ENSG00000211904",121.46052359335,6.5246734262472,1.39465672570193,4.67833647234112,2.89211686042103e-06,0.000695393431772346,NA
"ENSG00000211965",274.456715073309,5.20587669319781,1.11488101630221,4.66944599206149,3.02013081813176e-06,0.000720019662505786,NA
"ENSG00000226777",331.652401231493,4.10616713046452,0.885712574059939,4.63600410643672,3.55208911839603e-06,0.000839725807384177,"FAM30A"
"ENSG00000105369",1712.01934463327,3.89832492038353,0.841972458386665,4.62999101877186,3.65681593360249e-06,0.000857279548700878,"CD79A"
"ENSG00000254709",72.824051783195,5.29427323797455,1.154289344078,4.58660843153102,4.505044749902e-06,0.00104740428846482,"IGLL5"
"ENSG00000235896",35.8829010218549,7.15200253560997,1.56200994854603,4.57871765942803,4.67835178449462e-06,0.00107878190492953,NA
"ENSG00000172640",24.5581452923035,-1.86767345579857,0.409113120045473,-4.56517614392561,4.99075109769807e-06,0.00114146186894668,"OR10AD1"
"ENSG00000168081",57.6197759507853,3.51982766949775,0.773227907615604,4.55212187096533,5.31075550942803e-06,0.00119521739192984,"PNOC"
"ENSG00000048462",93.7085368358399,3.34434651255401,0.734630355164029,4.55242080461987,5.30321267152488e-06,0.00119521739192984,"TNFRSF17"
"ENSG00000211896",120177.762801545,5.55220038311368,1.22191859622112,4.54383819043618,5.52390669009011e-06,0.00123332176988583,NA
"ENSG00000110777",1825.9507478172,3.05608522102837,0.677137573207274,4.51324124070264,6.38443312661424e-06,0.00141422734423553,"POU2AF1"
"ENSG00000253234",20.2441553114716,5.26103141717298,1.16832616641432,4.50305023409642,6.69850424562866e-06,0.00147220563623457,NA
"ENSG00000261693",16.2176396722139,-1.64812246009195,0.369740641584106,-4.45750960194903,8.29173241741924e-06,0.00180824043695223,NA
"ENSG00000211611",120.708473246409,5.40115479123581,1.21734055534494,4.43684782168893,9.12857800291592e-06,0.001975424279831,NA
"ENSG00000251546",128.376944563239,5.25888958555876,1.18888608026734,4.42337552171206,9.71706278799089e-06,0.00208672068970809,NA
"ENSG00000211939",573.179638976288,5.14678803944351,1.17078397153768,4.39601853507084,1.10254523511315e-05,0.00234975776925781,NA
"ENSG00000243264",122.943706212098,5.68702523595618,1.30260895194509,4.36587298702666,1.26616041693168e-05,0.00267816728188887,NA
"ENSG00000240505",153.670476669101,3.30453491207422,0.759307006390809,4.35204058998687,1.34876283236183e-05,0.00281062192592615,"TNFRSF13B"
"ENSG00000254030",21.9437421202764,5.75077813013648,1.32108512469406,4.3530715944351,1.34243285817212e-05,0.00281062192592615,NA
"ENSG00000126583",17.2978640645042,2.45878084535621,0.565896012641439,4.34493403457525,1.3931752231125e-05,0.00288182392475006,"PRKCG"
"ENSG00000197794",11.4870362517352,5.29131630437966,1.22138074634055,4.33224145724688,1.47598940243419e-05,0.00302710787048427,NA
"ENSG00000211970",223.947643679364,5.38427022758449,1.24321861860315,4.3309118340217,1.48493134553828e-05,0.00302710787048427,NA
"ENSG00000211676",15.6421868055505,4.86410303799511,1.12837268177577,4.31072385618222,1.62721007062392e-05,0.00329328587818649,NA
"ENSG00000244437",1411.9601928724,4.55982387891964,1.06123459275595,4.29671621151935,1.73346885942653e-05,0.00348328185381337,NA
"ENSG00000254228",6.34300054915553,4.90244828604751,1.14290306001889,4.28946991004336,1.79100075105819e-05,0.00357336405168573,NA
"ENSG00000132031",106.478756240497,1.43820662909194,0.335677656956107,4.28448721351747,1.83161141579709e-05,0.003628654390789,"MATN3"
"ENSG00000132704",570.296735574368,4.13873163090708,0.968642433255486,4.27271353062381,1.93108481600957e-05,0.0037989704925861,"FCRL2"
"ENSG00000239862",15.2537917819396,5.85777942827211,1.3723037343881,4.26857355371406,1.9672695928559e-05,0.00384327973515433,NA
"ENSG00000173227",39.5985160128468,2.81823121817969,0.662059381485284,4.25676502288538,2.07406141602375e-05,0.00402396522452278,"SYT12"
"ENSG00000254098",20.5836310125625,6.07638109771069,1.43164314792725,4.24434057223559,2.19237170015229e-05,0.00416728382896515,NA
"ENSG00000242580",46.5514923776824,5.5648377515316,1.31098926294011,4.24476226376677,2.18825297095969e-05,0.00416728382896515,NA
"ENSG00000222037",880.487270440387,6.32292859088026,1.48951429459854,4.24495999387804,2.18632424649355e-05,0.00416728382896515,NA
"ENSG00000253957",8.99171975634118,5.60146997944355,1.32102900312214,4.24023239929248,2.23288487156909e-05,0.00421580652395849,NA
"ENSG00000006607",1222.50288708045,0.350048435794501,0.0830997798940056,4.21238703930371,2.52686089256804e-05,0.00473904337531494,"FARP2"
"ENSG00000239571",9.66526367073545,5.12763416893269,1.22227657279587,4.19515049462465,2.72690469974369e-05,0.00508034986842315,NA
"ENSG00000132185",262.35690475352,4.42732774019662,1.05623241320638,4.1916226815618,2.76966351264167e-05,0.00512606407484443,"FCRLA"
"ENSG00000248923",73.1095728032415,2.43235082824198,0.580828885696066,4.18772359320085,2.8176637939386e-05,0.00518081816020135,NA
"ENSG00000142615",14.6463472980115,-3.28241950595192,0.785239364092633,-4.18015150035792,2.9131494788935e-05,0.00532160526884623,"CELA2A"
"ENSG00000268204",152.514000383174,-1.31293346688385,0.314736097784911,-4.17153760284943,3.02551115952021e-05,0.005491205157395,NA
"ENSG00000231486",206.775431376675,3.63773842531529,0.873644906426083,4.16386382906597,3.12906774274128e-05,0.00564275216274344,NA
"ENSG00000083454",1059.02098058232,2.79418457952528,0.671977210284063,4.15815378373338,3.20830020520983e-05,0.00574878352694031,"P2RX5"
"ENSG00000222004",3.1644495015201,4.14796620114632,1.00565465900452,4.12464275286341,3.71310638022095e-05,0.00652856929302349,"LINC02860"
"ENSG00000211938",721.315510052055,4.81544127336798,1.16686826722607,4.12680797706106,3.67833285735352e-05,0.00652856929302349,NA
"ENSG00000211968",30.6863870599799,4.73333957332115,1.14730322658112,4.12562212295536,3.69733920502108e-05,0.00652856929302349,NA
"ENSG00000228325",10.7345142675037,4.97873506024105,1.20990062769093,4.11499502214729,3.87187770443079e-05,0.00676544494292217,NA
"ENSG00000251359",59.9959658878835,-0.924347893555175,0.224761842238707,-4.11256592466205,3.91285683466959e-05,0.00679484496746451,"WWC2-AS2"
"ENSG00000174788",178.774143660811,-1.29990380239182,0.316773598721259,-4.1035736805063,4.06816810446177e-05,0.00702120890274346,"PCP2"
"ENSG00000262050",15.855223916901,-1.03482190234832,0.252368168875818,-4.10044542050594,4.12355684473297e-05,0.00707340860707487,"LOC105371592"
"ENSG00000026751",673.002332923451,2.47138855586311,0.604527636066694,4.08813163934569,4.34861379245926e-05,0.00741425473996751,"SLAMF7"
"ENSG00000211658",122.413626068415,5.13769690703958,1.260275741594,4.07664508446492,4.56901511458271e-05,0.00774310440984584,NA
"ENSG00000254046",8.95120925115113,4.96156046426257,1.21892805998255,4.0704292789302,4.69265855688114e-05,0.0079050221869569,NA
"ENSG00000160856",637.196441352717,2.81205966246311,0.691416821732994,4.06709755110507,4.76023196122885e-05,0.00797112175793393,"FCRL3"
"ENSG00000177455",843.39382140229,3.25941738692266,0.803512786640099,4.05645988603612,4.98221145699094e-05,0.00829346584071415,"CD19"
"ENSG00000161405",197.914074080345,2.37772860086523,0.590279809404666,4.02813811853623,5.62203140224098e-05,0.00930346984752019,"IKZF3"
"ENSG00000164404",88.7246334592628,-0.864210073284242,0.216856331685458,-3.98517334756795,6.7430880819592e-05,0.0110933657264138,"GDF9"
"ENSG00000257818",11.8339404567755,-1.31660352666592,0.33072869322577,-3.9809171494145,6.86498757966626e-05,0.011228245964603,NA
"ENSG00000253128",5.9270646208712,4.83156590787232,1.21695808231805,3.97019912030921,7.18125907912565e-05,0.0116776404863562,NA
"ENSG00000162543",674.14738734805,-1.18537591361389,0.299981483344826,-3.95149694040052,7.76638653338561e-05,0.0125565509170807,"UBXN10"
"ENSG00000235621",71.1210280888155,3.36387919013322,0.852533003014696,3.94574659073372,7.95517137396499e-05,0.0127882789195647,"LINC00494"
"ENSG00000197476",7.79470286506084,5.19972200991803,1.32885041045045,3.91294758915374,9.11763289706859e-05,0.0145737073102462,NA
"ENSG00000224607",28.5361725063705,4.75580943259525,1.21768609899365,3.90561199353896,9.39872165995598e-05,0.0148542043672967,NA
"ENSG00000213642",2.12710741403172,-3.26712742912072,0.836458535043259,-3.90590482641409,9.38734565214198e-05,0.0148542043672967,NA
"ENSG00000117322",607.027871053866,3.50765839674427,0.899730433038539,3.8985659125682,9.67640628124694e-05,0.015207634720896,"CR2"
"ENSG00000158406",243.960289470178,-1.54843266966737,0.397943062969795,-3.89109099706785,9.97944954171018e-05,0.0155967708059662,"H4C8"
"ENSG00000187837",2361.11694382814,-1.54638673921945,0.397659716949033,-3.88871860364384,0.000100774877298306,0.0156629770616351,"H1-2"
"ENSG00000163518",27.3008837935811,5.66214657639492,1.45748225159478,3.88488200813382,0.000102379597892665,0.0158249607028377,"FCRL4"
"ENSG00000211933",147.299770905257,4.45171984235861,1.14983108679183,3.87162940147972,0.000108110238251073,0.0166194383742032,NA
"ENSG00000204165",43.6720820154873,2.51671258721619,0.650524099039726,3.86874612474963,0.000109396473459413,0.016725769518262,"CXorf65"
"ENSG00000150556",39.5886941772443,3.73158113397554,0.967024536353169,3.85882776878448,0.000113932191534352,0.0173250833094292,"LYPD6B"
"ENSG00000270472",10.0622632543414,4.64919045410517,1.21083223287054,3.83966525493235,0.000123202178027548,0.018633998238016,NA
"ENSG00000253209",10.1552546417006,5.89038446635167,1.53559893184029,3.83588731680904,0.000125111765185971,0.0188216266214532,NA
"ENSG00000145996",691.234087236766,0.305993178816738,0.0800415184977823,3.82293070595876,0.000131874848938481,0.0197335279273263,"CDKAL1"
"ENSG00000163961",1193.87456194856,0.39147324104013,0.102590754124338,3.81587253531321,0.00013570254726581,0.0199873510978103,"RNF168"
"ENSG00000211957",10.6964833506558,4.68681188395141,1.22820539037149,3.81598380913621,0.000135641398843404,0.0199873510978103,NA
"ENSG00000204524",121.801359530093,0.708296516975558,0.185585541789785,3.8165500940685,0.000135330609680316,0.0199873510978103,"ZNF805"
"ENSG00000103404",987.567848220967,0.633102389171399,0.166041889996591,3.81290762942049,0.000137341452258692,0.0201233840361538,"USP31"
"ENSG00000070915",18.9289834646628,2.48109825382625,0.652569873564599,3.80204228594478,0.000143508225745909,0.0208101721994016,"SLC12A3"
"ENSG00000241693",4.23316099740958,2.09543743390175,0.550969775500101,3.80318036865049,0.000142850269464224,0.0208101721994016,NA
"ENSG00000241520",8.4885563703045,-1.43496989560566,0.37828703958429,-3.79333613222009,0.000148636733612483,0.0214433261024942,NA
"ENSG00000161513",762.613947685688,-0.692846708730406,0.182740131152859,-3.79143160486655,0.000149781398723843,0.0214982158617304,"FDXR"
"ENSG00000196092",411.035620902334,3.63301761562341,0.959667931160278,3.78570284330637,0.00015327474730528,0.021887945132955,"PAX5"
"ENSG00000007171",68.0908070097367,1.59692598087054,0.422016728875263,3.78403478252292,0.000154306244413334,0.0219239558981612,"NOS2"
"ENSG00000137634",4.74331581117355,3.68490996682621,0.97567409530948,3.77678364583142,0.000158866617207387,0.0224584707300412,"NXPE4"
"ENSG00000227946",114.78618067676,-0.403350318916443,0.107115248949233,-3.7655732761972,0.000166167380304707,0.0233731037136602,NA
"ENSG00000242766",26.9728807922658,5.89556459012423,1.56719158298551,3.76186590977801,0.000168650462584674,0.0236043523056321,NA
"ENSG00000232613",15.1341030051691,4.47598832791157,1.19138720511917,3.75695517685524,0.000171993288420963,0.0239530454943492,NA
"ENSG00000260100",3.93379752800254,-2.4549221100604,0.654202187017222,-3.75254341666665,0.000175049503210878,0.0242585843562976,NA
"ENSG00000269919",22.3178224143581,1.67287833425197,0.446297448102879,3.74834841956422,0.000178002864269453,0.0245469440079817,NA
"ENSG00000102096",2015.47913807151,1.8544851306557,0.497061952514747,3.73089334493104,0.000190801991768993,0.0261836177192454,"PIM2"
"ENSG00000165862",11.917034069569,-3.87580904483767,1.04014175396855,-3.7262315737734,0.000194363848830367,0.0265429310451257,NA
"ENSG00000249096",117.225717001193,2.01174960409366,0.540152838241351,3.72440809650022,0.000195774014285223,0.0266063505790913,NA
"ENSG00000235253",5.22529965937328,1.76362785520408,0.474372504847717,3.71781213536024,0.000200955617348779,0.0271792472464224,NA
"ENSG00000271130",5.37197035115641,5.24291215882679,1.41170378836132,3.71388969984466,0.000204097778669066,0.0274721469354936,NA
"ENSG00000188869",70.0531870081142,2.43470524408759,0.65594116101451,3.71177384313245,0.000205811841067869,0.0275709462520061,"TMC3"
"ENSG00000211619",62.3852284684303,5.12341724402679,1.38205549420822,3.70709950902658,0.00020964658258389,0.0279515528969194,NA
"ENSG00000138755",1308.91376190485,2.20936294900362,0.597641330848351,3.69680414483288,0.000218330650605728,0.0289720653907564,"CXCL9"
"ENSG00000091181",23.5077783790146,3.01687093844637,0.816968106203573,3.69276464471261,0.000221829302138082,0.0292981311161903,"IL5RA"
"ENSG00000241566",8.95000825875841,4.31549654998438,1.1718231897122,3.68271987435602,0.00023075868732493,0.0303350625786212,NA
"ENSG00000211952",33.4440937715161,4.96318677515617,1.35081188256227,3.67422498959796,0.000238572445725017,0.0312163722936566,NA
"ENSG00000128965",192.302498494569,2.21995891588003,0.604463132959481,3.67261259592624,0.000240083310663443,0.0312686282202963,"CHAC1"
"ENSG00000211935",340.892169320344,4.16066976162085,1.13423859186146,3.66824915981085,0.000244217132043607,0.0316604440490818,NA
"ENSG00000228824",5.5070453612864,-2.83523105079102,0.774472029516872,-3.66085661293627,0.000251373414332693,0.0324387013394831,"MIR4500HG"
"ENSG00000211656",3.81409141406378,4.46372904818393,1.22031741543308,3.65784261679147,0.000254347140105418,0.0326725741801169,NA
"ENSG00000236679",8.0496800751341,3.68158258367578,1.00742390045998,3.65445229361225,0.000257731578532899,0.0327278939759155,NA
"ENSG00000248560",8.60894134788499,-3.48230106772474,0.953031849673242,-3.65391887891122,0.000258267896440112,0.0327278939759155,NA
"ENSG00000174586",386.837159990369,-0.711849884227516,0.19471400054618,-3.6558741653438,0.00025630706556991,0.0327278939759155,"ZNF497"
"ENSG00000102854",28.5938308659018,2.55844632337261,0.701945118017093,3.64479538029967,0.000267604628155979,0.0337589838532915,"MSLN"
"ENSG00000260088",14.8012008875111,-2.61934750715696,0.721724832072325,-3.62928832535233,0.000284203667121267,0.0356929355511406,"DDX59-AS1"
"ENSG00000224041",103.680645496362,4.63605332766923,1.27830923360516,3.62670722059509,0.000287058464556945,0.0358912387774043,NA
"ENSG00000230415",87.0769826480532,-0.91092971821512,0.251340061095594,-3.62429178318955,0.000289754342585717,0.0359091152670546,NA
"ENSG00000271375",3.95712643592762,4.7788186450507,1.31824769856879,3.62512951870806,0.00028881666790176,0.0359091152670546,NA
"ENSG00000226913",8.61953848702347,-1.95859463980193,0.541204525708695,-3.6189546590306,0.000295795453309036,0.0364143128669272,"BSN-DT"
"ENSG00000156738",4189.48210767475,2.78753101466573,0.77037476668765,3.61840903311405,0.000296419651874247,0.0364143128669272,"MS4A1"
"ENSG00000211892",13199.0847140277,3.95408338742923,1.0999703903103,3.59471802355862,0.000324743102219087,0.0397203171809885,NA
"ENSG00000088340",1218.02324046346,1.88244360927238,0.524547280754639,3.58870149238827,0.00033232909322947,0.0404722166698331,"FER1L4"
"ENSG00000188403",5.48770288485231,5.22602152181706,1.4567170698056,3.58753366054431,0.00033382064887795,0.0404786314406659,NA
"ENSG00000225523",26.8773434010393,5.16085908718956,1.43994071456735,3.58407747970389,0.000338271668555538,0.0408423115013064,NA
"ENSG00000179029",757.879980213269,-0.394096109805144,0.110003926979656,-3.58256401044691,0.000340238208867601,0.0409041935549716,"TMEM107"
"ENSG00000211633",4.75205586451886,4.26732613174123,1.19171236367351,3.58083566288343,0.000342497032870235,0.0410005384200233,NA
"ENSG00000128438",361.77509605674,2.89397695861697,0.808519539698943,3.57935314673355,0.000344445743192069,0.0410591002011834,NA
"ENSG00000145945",692.640644157147,-0.542733192616043,0.151731344449581,-3.57693523763898,0.000347646259130818,0.0412657576450134,"FAM50B"
"ENSG00000253703",5.2454450630479,4.79669328509752,1.34263317144891,3.57260150210733,0.000353452414203777,0.0416038632484546,NA
"ENSG00000197549",23.7326161524027,4.89215134886662,1.36907620593024,3.57332289296677,0.000352479675161861,0.0416038632484546,"PRAMENP"
"ENSG00000259635",12.1864037523715,2.01375337346617,0.564976258595982,3.56431503594599,0.000364807592636995,0.0427615299835998,NA
"ENSG00000128512",1560.20600570351,0.521494168659519,0.146463817385666,3.56056654788895,0.000370055509169684,0.0431325753541147,"DOCK4"
"ENSG00000270356",12.2689621320254,3.95225506945497,1.11022478761235,3.55986923869238,0.000371039500771212,0.0431325753541147,NA
"ENSG00000271737",50.0347998410069,-0.784645685569244,0.220590604503301,-3.55702223735237,0.000375082416346807,0.0434231215500756,NA
"ENSG00000232445",15.46712570976,-1.39516551736853,0.392953819904152,-3.55045668651048,0.000384563410143351,0.0441572973638888,NA
"ENSG00000226025",71.5326494251692,2.88238809015431,0.811783708589643,3.5506848186964,0.00038423025347973,0.0441572973638888,"LGALS17A"
"ENSG00000163534",761.291736328069,3.16551820323485,0.892128121429841,3.54827757044736,0.000387759352634225,0.0443432768630326,"FCRL1"
"ENSG00000269653",14.9443482421567,1.52260067127665,0.429336725205516,3.54640211723748,0.000390529792163033,0.0444792879074107,NA
"ENSG00000211898",592.159899359513,2.93149285154453,0.827179015835119,3.54396423920994,0.000394158704267314,0.0447115833405164,NA
"ENSG00000069956",1906.40750829075,0.510946156531473,0.144502887327469,3.53588890838962,0.000406405557440742,0.0459156672366384,"MAPK6"
"ENSG00000216522",76.3194910917956,-3.48987602249962,0.989835872399824,-3.52571180718933,0.000422346296590573,0.047525784062744,NA
"ENSG00000253701",78.318132335314,3.32699364669218,0.94608630125883,3.51658579377526,0.00043713536068907,0.0489939919000196,NA
"ENSG00000137265",960.180968196191,2.21127297004022,0.629043794872723,3.51529255683642,0.000439269789139725,0.0490378480479315,"IRF4"
"ENSG00000242076",325.336397399555,3.651201730437,1.04255826781319,3.50215603593604,0.000461509253122352,0.0513169103116126,NA
"ENSG00000134240",101.220302248404,-3.03383025702263,0.866888991663521,-3.4996756057553,0.000465824666088604,0.0515928327023803,"HMGCS2"
"ENSG00000227036",47.3650333761842,2.0971627470273,0.60016207119711,3.49432736201441,0.000475257870548602,0.0524311937814638,"LINC00511"
"ENSG00000211930",8.78327456494922,4.7643173540995,1.36414752043979,3.49252355974192,0.000478479384855011,0.0525803986513327,NA
"ENSG00000260233",82.2161130241928,-0.767709583498639,0.219921964876905,-3.49082723014203,0.000481527531030236,0.0527094649919945,NA
"ENSG00000111696",729.12223703855,0.686146841989209,0.196801477748276,3.48649232637797,0.000489399423963741,0.0533635061819689,"NT5DC3"
"ENSG00000159958",173.72507966526,2.93560475021305,0.842643132385065,3.48380546567079,0.000494338653497292,0.053693957529675,"TNFRSF13C"
"ENSG00000253998",82.1892404276165,5.18824047696035,1.4905433394111,3.48077129982024,0.000499972196474217,0.0540969916585103,NA
"ENSG00000230925",3.92580917771285,2.37407958396902,0.682784077614524,3.47705762598251,0.000506948847638652,0.0546417049109983,NA
"ENSG00000183186",432.977260208046,-1.63495627702289,0.470835716039301,-3.47245593596052,0.000515719664858935,0.0553749069153113,"C2CD4C"
"ENSG00000050438",43.8629784637252,0.957881637066519,0.276514544000726,3.46412750377428,0.000531954305974701,0.056900906979773,"SLC4A8"
"ENSG00000211940",808.709205486999,4.05525590409053,1.17105055174943,3.46292130432147,0.000534344652661359,0.0569400900328384,NA
"ENSG00000109943",68.414688757283,1.87521337572809,0.54185602419781,3.46072257571419,0.000538727680856533,0.0571905174258716,"CRTAM"
"ENSG00000224220",4.6905867230334,3.6245766880426,1.04846155270068,3.45704301574648,0.000546137664153102,0.057620623336125,NA
"ENSG00000239520",2.52929048310149,2.64770498597648,0.766098295352352,3.45609042865539,0.000548071419418517,0.057620623336125,NA
"ENSG00000260655",312.199704844786,3.03446367644615,0.878111154516068,3.45567148400303,0.000548923896419789,0.057620623336125,NA
"ENSG00000196096",7.41796504470551,-1.52256570061901,0.441231059976683,-3.45072194305512,0.000559089259253432,0.0584695131647492,"SPAG16-DT"
"ENSG00000270986",2.02862469697541,3.38875906018241,0.983222416015148,3.44658441974557,0.000567721159641297,0.0591523394926998,NA
"ENSG00000233673",19.2642731346518,1.75621082284513,0.509788581765383,3.44497873366137,0.000571104322027474,0.0592327205005691,"ANAPC1P1"
"ENSG00000151012",661.90803317273,1.80478439709623,0.524003391415682,3.44422274104049,0.000572703681791369,0.0592327205005691,"SLC7A11"
"ENSG00000211804",6.39528045773096,3.35466570184891,0.975108201983785,3.44030097893146,0.00058106761330232,0.0598776340564867,NA
"ENSG00000222020",66.1604904135491,-0.968774747689272,0.281688720435295,-3.43916769614424,0.000583505659285769,0.0599094204636031,"HDAC4-AS1"
"ENSG00000233999",9.53383575137702,3.56874789882009,1.03810184988938,3.43776277751589,0.000586541300299406,0.0600021085819014,NA
"ENSG00000235674",10.4593246292616,1.62491582401726,0.472903807420461,3.43603878530953,0.000590286460623569,0.0601664446023994,NA
"ENSG00000247796",180.844276387978,-0.707888642585715,0.206292756357867,-3.43147600082332,0.000600306243632958,0.0608493667413179,"LOC257396"
"ENSG00000111912",2557.26673286309,0.918591809315682,0.267731274532503,3.43102168739784,0.000601312525027953,0.0608493667413179,"NCOA7"
"ENSG00000260936",17.7546417117087,1.31790141296041,0.385143556288328,3.4218446380388,0.000621978429972991,0.0627150436989254,NA
"ENSG00000180626",1192.18306422726,-0.481965728774289,0.140954036141238,-3.41931130153202,0.000627798586612036,0.063075820852035,"ZNF594"
"ENSG00000150907",4008.0999786761,0.519283585055546,0.152179723076294,3.41230470497839,0.000644160653478789,0.0644894217212288,"FOXO1"
"ENSG00000248810",244.139817415949,-1.13528895741624,0.33309529305319,-3.40830081088822,0.000653687902269085,0.0652111633568578,"LINC02432"
"ENSG00000253590",4.52918297623872,4.64626622442962,1.36542905629361,3.40278845174256,0.000667019045771508,0.0663059356736539,NA
"ENSG00000269514",206.225655386745,-1.11029584040338,0.326759200668168,-3.39790230277527,0.000679046652304962,0.0671199005686834,NA
"ENSG00000167483",672.991639862159,2.3619634541689,0.69520081555118,3.39752687472936,0.000679979086523346,0.0671199005686834,"NIBAN3"
"ENSG00000213839",93.8452585675039,0.807504282620391,0.237966370430273,3.39335462048827,0.000690421952912458,0.0679124139137527,NA
"ENSG00000172578",1137.71295671618,1.84489348721079,0.543943821604932,3.39169857976757,0.000694608081769431,0.0680861134367165,"KLHL6"
"ENSG00000230732",22.4925109381697,1.62391764796658,0.479417804253057,3.38727021307996,0.000705918237759965,0.0689420174911368,NA
"ENSG00000134061",250.765768889655,2.44741432328721,0.722927637035467,3.38542088849087,0.000710691919253152,0.0689420174911368,"CD180"
"ENSG00000261005",253.618932295916,-0.470221718097741,0.138871164269697,-3.38602848597524,0.000709120222752114,0.0689420174911368,NA
"ENSG00000169248",49.5095766113481,2.66676081161929,0.789653016876299,3.37712989708877,0.000732464506643629,0.0708099364292047,"CXCL11"
"ENSG00000267758",4.44842793551585,2.05327971113493,0.608421458744579,3.37476543870047,0.000738786306812872,0.0711764944632182,NA
"ENSG00000135722",842.627891110514,-0.702392268567238,0.208838038399757,-3.3633349266704,0.000770068748785329,0.073937112767334,"FBXL8"
"ENSG00000264198",1298.66619249567,1.92321717346277,0.572082139026536,3.36178503446262,0.000774403852485863,0.0741004393814024,NA
"ENSG00000244649",7.42286719014016,3.16918310593959,0.944526933906726,3.35531258259762,0.000792753526622316,0.0755991261387763,NA
"ENSG00000135925",74.4556062250038,1.80530050476799,0.538512222503227,3.35238538575078,0.000801184070934428,0.0758885868132234,"WNT10A"
"ENSG00000180066",8.91627699036745,-1.95256211854056,0.582284555197811,-3.35327822301115,0.000798603855858219,0.0758885868132234,NA
"ENSG00000113407",2483.78653015228,0.53987438765784,0.16118622726433,3.34938286490506,0.000809917933990102,0.0762663605078245,"TARS1"
"ENSG00000260093",17.5297963657276,-1.28386196692397,0.383339464484418,-3.34915156374712,0.000810594404658024,0.0762663605078245,NA
"ENSG00000257086",23.1951658678006,-0.914937151086432,0.27334654071194,-3.34716930641759,0.000816413313204527,0.0763597144393576,NA
"ENSG00000188992",81.3286379309613,-1.98637396620009,0.593485134506884,-3.34696498818043,0.000817015286728517,0.0763597144393576,"LIPI"
"ENSG00000245479",14.8242120050368,-1.20956546516667,0.362065634184989,-3.3407353555921,0.000835568272981126,0.0778351213758445,"LINC01585"
"ENSG00000140795",5.65350037852164,1.62597200856281,0.4871003148466,3.33806396547879,0.000843643256895684,0.0783279607359386,"MYLK3"
"ENSG00000254028",3.04427010249872,-2.7606812331,0.828179976537882,-3.33343151405415,0.000857817871817406,0.0793820143748923,NA
"ENSG00000168421",529.590447916825,1.96890927501346,0.591807404099777,3.32694261912531,0.000878044519404523,0.0805849288214942,"RHOH"
"ENSG00000253132",5.23949894213849,4.57339745248678,1.37481791395931,3.32654776028918,0.000879289500391466,0.0805849288214942,NA
"ENSG00000168234",644.413906304545,0.691547059959338,0.207946365763248,3.32560301028142,0.000882274920980386,0.0805849288214942,"TTC39C"
"ENSG00000225331",36.7843305274036,1.15001562622256,0.345805519673152,3.32561385170928,0.000882240608713795,0.0805849288214942,NA
"ENSG00000263975",41.9755387058688,-0.994227696051174,0.299626838659096,-3.31821975795155,0.000905931785658836,0.0824779061299494,NA
"ENSG00000213760",232.959875518184,-0.803912281473081,0.242633545817022,-3.31327755511325,0.00092209423599759,0.0836785646680136,"ATP6V1G2"
"ENSG00000237914",20.0240029779336,3.16361246529566,0.95529159504725,3.31167203992743,0.000927401970243113,0.0838896213082934,"SIRPG-AS1"
"ENSG00000271646",342.618348188576,-0.490663546146463,0.148259936355042,-3.30948169957026,0.000934688761250288,0.0840085119217032,NA
"ENSG00000124256",314.277393990783,1.8786039946822,0.56759470102226,3.30976309556583,0.000933749656839965,0.0840085119217032,"ZBP1"
"ENSG00000227619",3.73561733586936,3.5687798204657,1.07872920172424,3.3083185425604,0.000938579863025319,0.0840348891779846,NA
"ENSG00000225419",6.15308507421568,1.44696256593155,0.437464648131863,3.3076102768775,0.000940956565159432,0.0840348891779846,NA
"ENSG00000165300",469.785240994547,-1.76012769538627,0.533084532640428,-3.30177971337521,0.000960734899731344,0.0855297284786144,"SLITRK5"
"ENSG00000091844",385.503108480646,-0.901786093255651,0.273525391917397,-3.2969008359121,0.000977580100112972,0.0864820231961576,"RGS17"
"ENSG00000261578",307.177914194218,1.59327752751978,0.483211116294492,3.29727002089241,0.000976295920138584,0.0864820231961576,NA
"ENSG00000240040",12.6214840281993,3.35434456716763,1.01927001108076,3.29092834155978,0.00099857346776159,0.0877870899845907,NA
"ENSG00000265713",2.22221155845693,2.30480216338681,0.700342241752551,3.29096551083257,0.000998441536569947,0.0877870899845907,NA
"ENSG00000260641",261.367430666981,-1.00983946777819,0.306971891511838,-3.28968057239614,0.00100301176208737,0.0878442167973655,NA
"ENSG00000253152",2.32983174305944,4.85662772872341,1.47663100687659,3.2889921084593,0.00100546842772472,0.0878442167973655,NA
"ENSG00000158485",7.40044617932434,3.66793541564118,1.11694751337664,3.2838923689016,0.00102384015136563,0.0886236035022089,"CD1B"
"ENSG00000115138",192.894440874782,-0.94988854719711,0.289170276447576,-3.2848761597021,0.00102027205466129,0.0886236035022089,"POMC"
"ENSG00000269302",24.2968146909492,-1.32903938100505,0.404696144690019,-3.28404260441631,0.00102329451821223,0.0886236035022089,NA
"ENSG00000156886",39.5548623125322,2.61721357808709,0.797329520587806,3.28247419731509,0.00102900402466539,0.0887973657113089,"ITGAD"
"ENSG00000211647",7.56458478293794,4.34918518722771,1.32837304104377,3.27406914537376,0.0010601066735284,0.0912015930877708,NA
"ENSG00000240350",10.3721679747416,1.56365611478739,0.478213923334399,3.26978374842085,0.00107629731197425,0.0920315987248013,NA
"ENSG00000253545",5.52019857425125,4.15445602268401,1.27042087561281,3.27014149596686,0.0010749370075954,0.0920315987248013,NA
"ENSG00000113494",48.1623022058993,1.79067877638268,0.547832682524365,3.26866000058885,0.00108058063013854,0.0921178614759311,"PRLR"
"ENSG00000172724",2116.63713449186,2.16518791918249,0.662594717348022,3.2677409923346,0.00108409526925208,0.0921382722495451,"CCL19"
"ENSG00000269274",428.918793482469,-2.15002311626803,0.65818785956937,-3.26657972341623,0.00108855152711789,0.0922383480749414,NA
"ENSG00000163508",250.872949552436,1.92885692720556,0.590684748336884,3.26545916859441,0.00109286760400002,0.0923259802874735,"EOMES"
"ENSG00000240487",8.51561418100101,3.31980131904723,1.01718420856544,3.26371692668059,0.00109960969643801,0.0926174250904016,NA
"ENSG00000121895",152.168929096097,2.05193492989631,0.63080093710508,3.25290406084875,0.00114232058301056,0.0954457516358684,"TMEM156"
"ENSG00000111674",5511.15006564998,-0.534563634382395,0.164347430093111,-3.25264370778136,0.0011433676347678,0.0954457516358684,"ENO2"
"ENSG00000229473",15.0543196082576,1.4596641992152,0.448736477646364,3.25283161037227,0.00114261186522196,0.0954457516358684,NA
"ENSG00000165899",36.6671462221103,-1.28413262457521,0.395679289483153,-3.2453875113165,0.00117290894007566,0.0976221133201437,"OTOGL"
"ENSG00000152766",30.0850174465216,2.04886555998722,0.631686944307609,3.2434825168549,0.0011807805703209,0.097987371694005,"ANKRD22"
